nFID, R100, R200, R300, R400, R500, R600, R700, R800, R900, R1000, R1100, R1200, R1300, R1400, R1500, R1600, R1700, R1800, R1900, R2000, R2100, R2200, R2300, R2400, R2500, R2600, R2700, R2800, R2900, R3000, R3100, R3200, R3300, R3400, R3500, R3600, R3700, R3800, R3900, R4000, R4100, R4200, R4300, R4400, R4500, R4600, R4700, R4800, R4900, R5000, R5100, R5200, R5300, R5400, R5500, R5600, R5700, R5800, R5900, R6000, R6100, R6200, R6300, R6400, R6500, R6600, R6700, R6800, R6900, R7000, R7100, R7200, R7300, R7400, R7500, R7600, R7700, R7800, R7900, R8000, R8100, R8200, R8300, R8400, R8500, R8600, R8700, R8800, R8900, R9000, R9100, R9200, R9300, R9400, R9500, R9600, R9700, R9800, R9900, R10000
1044,0.001867,0.003443,0.006825,0.009936,0.01047,0.013867,0.018328,0.011277,0.015367,0.017577,0.017398,0.01986,0.023715,0.018749,0.022026,0.024182,0.020045,0.027094,0.018269,0.019581,0.023035,0.025614,0.018844,0.017193,0.021149,0.024763,0.016724,0.019137,0.017698,0.015956,0.012279,0.0118,0.01535,0.009147,0.012944,0.017616,0.024073,0.019617,0.027788,0.022818,0.01936,0.011246,0.010247,0.007845,0.00824,0.022875,0.006799,0.013937,0.009539,0.00857,0.011528,0.010403,0.007581,0.012297,0.016007,0.019027,0.016802,0.019599,0.020547,0.019389,0.01607,0.012363,0.015266,0.007173,0.005406,0.002931,0.003092,0.006086,0.005538,0.013097,0.010351,0.006798,0.002445,0.00162,0.000531,0.00183,0.002668,0,0.002082,0.000836,0.000174,0.000153,0,0,0,0,0,0,0,0,0,0,0,0,0,0,0,0,0,0
9098,0.001214,0.003266,0.008199,0.013569,0.01407,0.013812,0.014755,0.018289,0.016873,0.020459,0.021008,0.026219,0.027563,0.024379,0.026624,0.028428,0.025641,0.030841,0.031162,0.031313,0.028179,0.026526,0.021502,0.020663,0.020448,0.021074,0.016146,0.020819,0.01465,0.012826,0.017756,0.012804,0.013929,0.019736,0.025895,0.017269,0.022276,0.020599,0.013903,0.012123,0.016661,0.013703,0.014649,0.01679,0.013282,0.013103,0.015325,0.014237,0.010336,0.011199,0.010985,0.017219,0.007637,0.00516,0.01144,0.005242,0.004544,0.004176,0.003596,0.002595,0.004684,0.00356,0.004206,0.005842,0.005778,0.00887,0.003134,0.006384,0.0124,0.006427,0.000935,0.000073,0.000096,0.000099,0.00006,0,0.000241,0.000298,0.000058,0,0,0.000033,0.000511,0.000133,0.000068,0.000114,0,0,0,0,0,0,0,0,0,0,0,0,0,0
7652,0.001667,0.00284,0.003799,0.00522,0.009414,0.011321,0.015642,0.022263,0.021713,0.023265,0.030634,0.018651,0.020526,0.027668,0.027531,0.021285,0.02522,0.028914,0.027951,0.027041,0.028351,0.027216,0.029322,0.032473,0.030119,0.030259,0.029123,0.029493,0.034147,0.031372,0.038487,0.03352,0.033089,0.027771,0.023485,0.021152,0.015786,0.02069,0.013761,0.012796,0.020517,0.01242,0.010534,0.010404,0.00747,0.00541,0.0044,0.004977,0.003255,0.005402,0.005681,0.003715,0.002339,0.003513,0.002987,0.003949,0.00169,0.001216,0.000694,0,0,0,0,0,0,0,0,0,0,0,0,0,0,0,0,0,0,0,0,0,0,0,0,0,0,0,0,0,0,0,0,0,0,0,0,0,0,0,0,0
6427,0.00115,0.000818,0.003065,0.003712,0.004923,0.006134,0.006761,0.006458,0.008551,0.009688,0.009188,0.007057,0.007725,0.009868,0.009133,0.009557,0.01272,0.008499,0.010008,0.008079,0.010173,0.009563,0.010243,0.011699,0.013985,0.01209,0.01388,0.011877,0.013892,0.011652,0.013033,0.02101,0.013771,0.013571,0.014666,0.010773,0.015636,0.013856,0.023505,0.019801,0.020536,0.017516,0.013661,0.012703,0.016868,0.014939,0.020097,0.014823,0.013078,0.015695,0.009981,0.010246,0.020511,0.026587,0.020898,0.024722,0.026597,0.01505,0.01644,0.012328,0.012712,0.022821,0.018424,0.012615,0.014695,0.019484,0.010704,0.011534,0.01354,0.011868,0.012258,0.021753,0.017336,0.021648,0.02837,0.024976,0.027177,0.020253,0.012219,0.037309,0.009245,0.008223,0.004588,0.005747,0.006456,0.006805,0.013973,0.024038,0.016711,0.019726,0.010072,0.005588,0.00346,0.004016,0.001464,0.007309,0.003954,0.0012,0.000918,0.000603
7722,0.001709,0.006451,0.005557,0.009158,0.010973,0.012949,0.013085,0.014824,0.016807,0.016103,0.02331,0.025008,0.023644,0.022177,0.02056,0.023439,0.025771,0.021373,0.028049,0.027217,0.021823,0.022708,0.031243,0.031928,0.037457,0.03705,0.029504,0.033927,0.034455,0.037064,0.034587,0.034866,0.02575,0.023045,0.023862,0.027167,0.018512,0.016205,0.011969,0.013291,0.011788,0.010171,0.009378,0.008237,0.00614,0.007956,0.007173,0.005439,0.010453,0.006386,0.008085,0.004807,0.004791,0.004066,0.002281,0.004157,0.003742,0.004393,0.002436,0.003419,0.003374,0.003387,0.002527,0.001345,0.000746,0.000035,0,0,0,0,0,0,0,0,0,0,0,0,0,0,0,0,0,0,0,0,0,0,0,0,0,0,0,0,0,0,0,0,0,0
5760,0.000816,0.001085,0.001062,0.000941,0.00135,0.002945,0.002463,0.004583,0.002384,0.005921,0.004053,0.003871,0.008099,0.006459,0.006628,0.0071,0.008949,0.007304,0.007223,0.010309,0.010369,0.011628,0.009808,0.010226,0.010994,0.011575,0.010184,0.010655,0.013777,0.012746,0.011656,0.017224,0.012913,0.014412,0.011736,0.013251,0.01642,0.020238,0.017271,0.012777,0.01535,0.016319,0.020487,0.020186,0.016524,0.014165,0.014567,0.017799,0.016306,0.01643,0.016711,0.017567,0.014607,0.01519,0.019301,0.021533,0.012523,0.016781,0.014527,0.018384,0.018351,0.018479,0.014752,0.024742,0.01981,0.028901,0.020978,0.02036,0.022896,0.016152,0.0139,0.016452,0.012826,0.01573,0.017187,0.015489,0.022697,0.025011,0.021015,0.026563,0.023604,0.021377,0.028886,0.01216,0.030694,0.015148,0.007974,0.007354,0.006624,0.00783,0.010092,0.010667,0.013642,0.035981,0.068067,0.029161,0.032276,0.007565,0.019077,0.008017
5768,0.00089,0.001074,0.001029,0.000912,0.001712,0.00262,0.00343,0.003597,0.002652,0.005741,0.00429,0.003635,0.00842,0.00626,0.006669,0.007638,0.009709,0.005956,0.007156,0.011404,0.009323,0.011886,0.011088,0.009382,0.011039,0.010706,0.01052,0.010626,0.014044,0.012404,0.011649,0.017372,0.013075,0.013834,0.012277,0.013553,0.016272,0.019832,0.017176,0.013276,0.014679,0.017145,0.0201,0.019797,0.016584,0.015168,0.014087,0.017327,0.016101,0.017443,0.016455,0.017239,0.014639,0.015222,0.019623,0.021087,0.013245,0.016135,0.014082,0.018882,0.019169,0.017278,0.014939,0.024681,0.021315,0.027507,0.02047,0.021459,0.022383,0.015945,0.013635,0.016206,0.013503,0.015067,0.017879,0.0148,0.02307,0.024602,0.021665,0.027566,0.022478,0.021944,0.027768,0.012433,0.031077,0.015132,0.007083,0.007434,0.007263,0.007658,0.009689,0.01073,0.014485,0.036408,0.065939,0.032016,0.028553,0.007711,0.01886,0.008017
706,0.001703,0.007268,0.007733,0.01375,0.01357,0.01913,0.020669,0.024987,0.028306,0.032993,0.030116,0.022192,0.025272,0.026128,0.033847,0.030164,0.030897,0.029785,0.025146,0.024872,0.018217,0.026194,0.028617,0.025081,0.016452,0.020215,0.015878,0.011529,0.010879,0.016581,0.022002,0.024133,0.021813,0.017715,0.019284,0.018048,0.018402,0.015189,0.016161,0.012582,0.017619,0.009667,0.013623,0.014225,0.013417,0.014862,0.011054,0.01042,0.015035,0.005939,0.013117,0.005273,0.003045,0.004087,0.003281,0.004858,0.00314,0.002747,0.003411,0.00487,0.006845,0.007799,0.005464,0.01162,0.005895,0.003631,0.000308,0.00009,0.000034,0.000073,0.000035,0.000091,0.000253,0.000181,0,0,0,0.000324,0.000239,0.000012,0.000135,0,0,0,0,0,0,0,0,0,0,0,0,0,0,0,0,0,0,0
4538,0.00073,0.00205,0.007873,0.010189,0.013166,0.010932,0.012748,0.017969,0.019746,0.017013,0.018966,0.016889,0.017919,0.017307,0.023932,0.023697,0.019922,0.016169,0.021005,0.026564,0.024822,0.033041,0.030202,0.030168,0.024282,0.027549,0.029388,0.036655,0.042387,0.036472,0.036268,0.036799,0.031095,0.027872,0.030738,0.038289,0.023504,0.023088,0.015911,0.013603,0.011219,0.008509,0.006173,0.005914,0.007502,0.008453,0.00517,0.014514,0.008164,0.006657,0.005384,0.00289,0.004105,0.003854,0.004457,0.00379,0.002076,0.002894,0.003412,0.00338,0.002808,0.001301,0.001199,0.000324,0,0,0,0,0,0,0,0,0,0,0,0,0,0,0,0,0,0,0,0,0,0,0,0,0,0,0,0,0,0,0,0,0,0,0,0
7406,0.001518,0.003364,0.004876,0.00322,0.004753,0.006893,0.009159,0.012373,0.012403,0.014785,0.013319,0.020125,0.018327,0.021591,0.024999,0.032621,0.029659,0.024396,0.034337,0.032405,0.029345,0.027658,0.034645,0.029448,0.032553,0.032528,0.036305,0.026831,0.034571,0.032282,0.02447,0.017441,0.014058,0.014066,0.012415,0.012401,0.015296,0.020331,0.013208,0.008217,0.005043,0.008475,0.011563,0.011882,0.014035,0.015344,0.01524,0.018693,0.018428,0.02599,0.015654,0.014026,0.008072,0.008592,0.010277,0.007536,0.010574,0.004666,0.008682,0.005391,0.001856,0.001979,0.001203,0.000134,0.000201,0.001375,0.001333,0.00213,0.001671,0.000385,0.000144,0.000011,0,0,0,0,0,0,0,0,0,0,0,0,0,0,0,0,0,0,0,0,0,0,0,0,0,0,0,0
8872,0.001661,0.003439,0.004676,0.0033,0.004972,0.007326,0.008683,0.013297,0.012399,0.013797,0.01404,0.020556,0.018271,0.020839,0.027613,0.031342,0.028694,0.027077,0.032506,0.031693,0.029098,0.027992,0.034464,0.030352,0.032609,0.032304,0.035405,0.027196,0.034178,0.032412,0.023694,0.017356,0.014564,0.013619,0.012248,0.012494,0.015747,0.019867,0.013819,0.007622,0.005072,0.008352,0.011019,0.01279,0.013389,0.015481,0.01507,0.018952,0.018363,0.0263,0.016296,0.01333,0.008391,0.008108,0.010301,0.007842,0.010281,0.004662,0.008561,0.005518,0.00191,0.001924,0.001203,0.000134,0.000201,0.001375,0.001403,0.002154,0.001573,0.000385,0.000144,0.000011,0,0,0,0,0,0,0,0,0,0,0,0,0,0,0,0,0,0,0,0,0,0,0,0,0,0,0,0
8341,0.001133,0.002535,0.003203,0.002314,0.004982,0.008059,0.005253,0.009489,0.012335,0.014905,0.017022,0.018041,0.022212,0.025439,0.023205,0.019296,0.026434,0.024742,0.0238,0.023482,0.023925,0.028663,0.029845,0.031532,0.031689,0.028308,0.030458,0.030784,0.032022,0.036652,0.030309,0.03505,0.025503,0.025659,0.027567,0.0203,0.018861,0.01975,0.016151,0.019299,0.019458,0.019664,0.016675,0.015559,0.013396,0.011744,0.009617,0.007804,0.014834,0.004309,0.003306,0.003265,0.004402,0.004135,0.00399,0.003682,0.002916,0.004435,0.006238,0.004849,0.006545,0.002983,0.001814,0.002905,0.005247,0.01016,0.003406,0.002002,0.000935,0.001271,0.000253,0.000158,0.000005,0.000017,0.000086,0.000037,0.000323,0.000312,0,0,0,0.000073,0.000469,0.000133,0.000068,0.000114,0,0,0,0,0,0,0,0,0,0,0,0,0,0
9337,0.001016,0.002413,0.003166,0.004524,0.008228,0.006615,0.005335,0.012936,0.006645,0.014793,0.021528,0.023108,0.027565,0.021599,0.025937,0.03171,0.034449,0.027211,0.026771,0.024914,0.02913,0.028216,0.024467,0.03506,0.030266,0.024871,0.022693,0.031791,0.019326,0.021749,0.018645,0.019041,0.018133,0.019181,0.019477,0.022275,0.017786,0.012256,0.011398,0.015247,0.014656,0.019437,0.017493,0.016534,0.013468,0.011789,0.01082,0.009772,0.010368,0.011832,0.013379,0.010259,0.009897,0.007864,0.008639,0.003977,0.006183,0.01297,0.006262,0.006314,0.006284,0.003429,0.004906,0.004351,0.006084,0.003987,0.00249,0.004523,0.005678,0.003558,0.004936,0.003462,0.003853,0.004139,0.000475,0.000103,0,0,0,0,0,0,0,0,0,0,0,0,0,0,0,0,0,0,0,0,0,0,0,0
8520,0.001203,0.00468,0.005703,0.011336,0.010223,0.010583,0.008592,0.017712,0.00779,0.005607,0.007871,0.009134,0.017211,0.010807,0.013696,0.00414,0.006581,0.009313,0.012896,0.012586,0.022539,0.015626,0.011569,0.011547,0.021325,0.013644,0.016948,0.020611,0.020399,0.020732,0.023472,0.017784,0.026448,0.025501,0.028366,0.033207,0.025778,0.022256,0.028851,0.031404,0.022986,0.026499,0.02233,0.015972,0.020228,0.014676,0.013153,0.02629,0.017181,0.014541,0.012649,0.020345,0.016554,0.014136,0.015034,0.01281,0.013064,0.013757,0.011416,0.0133,0.011561,0.010369,0.00608,0.013113,0.007497,0.007379,0.008343,0.00426,0.00378,0.005458,0.003302,0.005199,0.006797,0.00528,0.005048,0.005825,0.005437,0.006379,0.005542,0.004428,0.00252,0.001413,0.002348,0.000291,0,0,0,0,0,0,0,0,0,0,0,0,0,0,0,0
8991,0.000524,0.001539,0.002879,0.002676,0.002729,0.00437,0.00577,0.008212,0.005483,0.012643,0.011082,0.010713,0.014457,0.013509,0.014387,0.015267,0.02234,0.013942,0.017456,0.018305,0.015359,0.015236,0.012391,0.020527,0.018258,0.023823,0.022552,0.015769,0.016693,0.023363,0.020164,0.027962,0.024044,0.025284,0.027404,0.026771,0.027583,0.029848,0.031808,0.030464,0.03157,0.021016,0.018726,0.01855,0.027418,0.020226,0.016569,0.016626,0.014159,0.016438,0.014236,0.017193,0.014263,0.017499,0.012677,0.012206,0.011004,0.008508,0.008002,0.005877,0.00842,0.008809,0.006468,0.012413,0.010195,0.008162,0.005801,0.003887,0.00587,0.004469,0.005765,0.004265,0.00396,0.003265,0.004334,0.003901,0.003618,0.002005,0.001803,0.00048,0,0,0,0,0,0,0,0,0,0,0,0,0,0,0,0,0,0,0,0
8082,0.0002,0.000484,0.000686,0.000926,0.001838,0.002352,0.003231,0.00451,0.005848,0.014236,0.012065,0.008129,0.005004,0.005235,0.010979,0.004462,0.00378,0.007105,0.005186,0.005354,0.00819,0.01104,0.011281,0.013695,0.016683,0.022041,0.019191,0.016705,0.014018,0.01357,0.011349,0.013336,0.012749,0.025512,0.018172,0.01905,0.02092,0.021265,0.021146,0.023746,0.021953,0.023582,0.025671,0.025201,0.016279,0.021311,0.024616,0.022353,0.028035,0.024846,0.024715,0.019864,0.018555,0.011458,0.016784,0.024152,0.02933,0.019078,0.015246,0.015874,0.01605,0.017026,0.01927,0.016692,0.017966,0.016113,0.014789,0.014758,0.011825,0.010534,0.008954,0.007435,0.011703,0.00952,0.008782,0.016533,0.013525,0.01004,0.007903,0.005115,0.007712,0.006385,0.008639,0.006412,0.006222,0.004778,0.007734,0.006317,0.006329,0.003384,0.003401,0.000953,0,0,0,0,0,0,0,0
1605,0.001929,0.001984,0.000609,0.000664,0.00201,0.001541,0.002609,0.00271,0.001867,0.002903,0.002494,0.004335,0.008507,0.002907,0.002675,0.004255,0.004452,0.008168,0.011367,0.011339,0.013146,0.010996,0.00595,0.007022,0.011346,0.013699,0.015796,0.006523,0.011153,0.013459,0.012582,0.011636,0.013565,0.011051,0.014146,0.013289,0.013769,0.023095,0.022378,0.024086,0.019992,0.02617,0.015746,0.024001,0.019999,0.034927,0.034364,0.032191,0.02996,0.035866,0.033711,0.031181,0.03459,0.034523,0.026853,0.032436,0.02027,0.022006,0.023642,0.022918,0.017684,0.022578,0.020089,0.018708,0.017839,0.012846,0.009573,0.01195,0.009419,0.010201,0.010297,0.00958,0.015007,0.010973,0.008894,0.00927,0.008779,0.004608,0.005023,0.004585,0.006856,0.003996,0.002563,0.005315,0.003316,0.00265,0.002658,0.000761,0,0,0,0,0,0,0,0,0,0,0,0
551,0.001198,0.00375,0.003355,0.005663,0.007633,0.00672,0.007198,0.011033,0.007874,0.019199,0.018279,0.014907,0.017436,0.018041,0.01363,0.019785,0.018273,0.018129,0.021649,0.01686,0.019629,0.02553,0.028916,0.025307,0.022412,0.023472,0.026594,0.024619,0.023372,0.022173,0.031209,0.034022,0.030141,0.027355,0.030502,0.027993,0.023915,0.020601,0.018942,0.017987,0.017902,0.019437,0.020096,0.017513,0.015931,0.013638,0.017596,0.01073,0.015537,0.012641,0.013374,0.014347,0.017538,0.012952,0.006151,0.008354,0.007309,0.003172,0.004067,0.004227,0.00408,0.004302,0.004785,0.004521,0.005862,0.00416,0.00552,0.004176,0.003722,0.002558,0.001431,0.001151,0.00126,0.000499,0.000072,0.000051,0,0,0,0,0,0,0,0,0,0,0,0,0,0,0,0,0,0,0,0,0,0,0,0
4357,0.001241,0.0016,0.003343,0.003327,0.008491,0.008383,0.013097,0.011434,0.011799,0.015514,0.014505,0.017865,0.023455,0.026262,0.025437,0.032878,0.027597,0.038006,0.035052,0.037343,0.034206,0.035601,0.034392,0.027967,0.03205,0.034647,0.032838,0.030692,0.031354,0.022539,0.02184,0.012125,0.018039,0.01862,0.015522,0.021546,0.01849,0.020501,0.016457,0.019964,0.029639,0.022,0.018595,0.014569,0.012191,0.012236,0.017006,0.014443,0.005716,0.010392,0.003514,0.002869,0.001683,0.00139,0.000561,0.000143,0.000207,0.001225,0.001037,0.002141,0.001386,0.000287,0.000078,0,0,0,0,0,0,0,0,0,0,0,0,0,0,0,0,0,0,0,0,0,0,0,0,0,0,0,0,0,0,0,0,0,0,0,0,0
83,0.002201,0.006597,0.007759,0.009877,0.014348,0.013963,0.015808,0.021812,0.020242,0.019553,0.02296,0.031959,0.019011,0.024991,0.02235,0.018495,0.021338,0.020083,0.020034,0.025696,0.023068,0.019557,0.017546,0.017549,0.018487,0.019962,0.018037,0.017028,0.014072,0.01517,0.01216,0.014266,0.01517,0.019854,0.013364,0.015392,0.014161,0.011995,0.01381,0.013989,0.015351,0.01561,0.023113,0.015191,0.016449,0.019066,0.013736,0.011494,0.011553,0.009134,0.010422,0.015852,0.010759,0.014499,0.014404,0.017387,0.016335,0.01153,0.01302,0.015684,0.01387,0.005198,0.007066,0.005402,0.004712,0.003469,0.002514,0.003054,0.003415,0.00665,0.006614,0.014,0.014676,0.006559,0.00228,0.001947,0.000547,0.000228,0.000031,0.000312,0.000227,0,0,0.000036,0.000533,0.000179,0.000077,0.000129,0,0,0,0,0,0,0,0,0,0,0,0
3315,0.00074,0.002288,0.003187,0.004553,0.005117,0.005574,0.008972,0.011262,0.010776,0.014421,0.017821,0.014743,0.015246,0.015809,0.014789,0.016688,0.019108,0.016803,0.012565,0.011879,0.009696,0.016064,0.011326,0.012,0.016286,0.015819,0.015794,0.015395,0.012524,0.014662,0.016245,0.023207,0.014889,0.017732,0.023886,0.014718,0.014446,0.018827,0.012485,0.014553,0.01743,0.011583,0.009423,0.013931,0.016558,0.016009,0.029766,0.024912,0.029347,0.020751,0.012577,0.011297,0.0093,0.007527,0.020571,0.012258,0.013332,0.013773,0.010631,0.010955,0.011481,0.009998,0.008795,0.016016,0.019709,0.021717,0.018842,0.022692,0.028477,0.019945,0.019486,0.006874,0.020024,0.006313,0.006546,0.003155,0.003955,0.008864,0.013773,0.00912,0.01493,0.00574,0.002909,0.002033,0.00257,0.002246,0.002227,0.00331,0.000763,0.000702,0.000025,0,0,0,0,0,0,0,0,0
2680,0.001101,0.003058,0.00539,0.008344,0.014095,0.016528,0.017085,0.015617,0.015816,0.015381,0.015304,0.018331,0.013446,0.011195,0.016406,0.016058,0.017223,0.016175,0.014591,0.018179,0.018461,0.018699,0.015889,0.012367,0.015139,0.013007,0.014256,0.022307,0.021705,0.017913,0.012643,0.014825,0.011907,0.01811,0.015065,0.014345,0.014337,0.014936,0.013462,0.00937,0.011757,0.020838,0.018828,0.017897,0.019471,0.016548,0.017593,0.015423,0.010398,0.015231,0.022964,0.016439,0.015038,0.014761,0.013474,0.009915,0.009535,0.010514,0.011029,0.015998,0.015464,0.014136,0.016291,0.022326,0.020803,0.013178,0.011023,0.017957,0.020833,0.006631,0.005836,0.002611,0.003035,0.00433,0.005325,0.004861,0.007852,0.009948,0.019878,0.01228,0.003796,0.001575,0.001249,0.002669,0.000666,0.000447,0,0.000046,0.000682,0.000234,0.000103,0.000179,0,0,0,0,0,0,0,0
3473,0.000313,0.004212,0.007183,0.008769,0.009206,0.009682,0.008202,0.00947,0.013094,0.018482,0.019629,0.02224,0.018851,0.018266,0.018334,0.023599,0.018927,0.016287,0.015855,0.018156,0.015325,0.021105,0.017461,0.016051,0.018929,0.021155,0.015258,0.016455,0.020066,0.018842,0.015918,0.019231,0.014265,0.016327,0.011371,0.014549,0.012127,0.008601,0.01729,0.015619,0.02793,0.021161,0.024976,0.027957,0.012661,0.011906,0.00967,0.007785,0.009165,0.022459,0.007615,0.014235,0.010104,0.011308,0.011193,0.008871,0.009126,0.014417,0.015148,0.020892,0.017175,0.019933,0.022192,0.021292,0.014245,0.013627,0.016413,0.00747,0.006064,0.002533,0.003544,0.006577,0.00596,0.014887,0.011974,0.006331,0.00212,0.001968,0.000767,0.001699,0.003024,0.000187,0.002519,0.000862,0.000172,0.000046,0,0,0,0,0,0,0,0,0,0,0,0,0,0
3762,0.001191,0.002738,0.005387,0.010889,0.011451,0.010457,0.01236,0.014741,0.016841,0.0179,0.013846,0.018411,0.018473,0.026212,0.023785,0.021671,0.021729,0.032979,0.02273,0.030848,0.025325,0.025663,0.024398,0.021274,0.023856,0.019533,0.020252,0.02087,0.014884,0.013607,0.014706,0.017531,0.011901,0.024558,0.025091,0.024699,0.024505,0.01721,0.012211,0.014682,0.006208,0.009057,0.016895,0.012119,0.010236,0.009731,0.006412,0.011,0.009722,0.009356,0.010113,0.013564,0.02002,0.017943,0.017765,0.019732,0.01998,0.026421,0.009014,0.0028,0.016353,0.005839,0.003447,0.002975,0.006658,0.011432,0.005024,0.011992,0.003622,0.001703,0.000663,0.001319,0.001145,0.002354,0.000789,0.002029,0.000516,0.000254,0.000056,0,0,0,0,0,0,0,0,0,0,0,0,0,0,0,0,0,0,0,0,0
2627,0.002139,0.00307,0.007292,0.012813,0.016184,0.013014,0.014533,0.021812,0.021152,0.025931,0.033883,0.025779,0.026295,0.025622,0.025136,0.028276,0.02758,0.02551,0.024073,0.027777,0.029579,0.022693,0.035034,0.035239,0.034012,0.028244,0.031659,0.02699,0.025073,0.024799,0.027395,0.027347,0.024253,0.026189,0.022989,0.016529,0.023913,0.012069,0.010031,0.008689,0.00788,0.013703,0.006573,0.006369,0.007277,0.007203,0.006914,0.005608,0.007175,0.007643,0.00734,0.005711,0.007735,0.004408,0.002149,0.002763,0.004122,0.009147,0.003441,0.001398,0.001168,0.000296,0.000257,0.000004,0.000014,0.000071,0.00003,0.000119,0.000345,0.000046,0,0,0,0.000231,0.00027,0.00001,0.000118,0,0,0,0,0,0,0,0,0,0,0,0,0,0,0,0,0,0,0,0,0,0,0
4079,0.000925,0.001758,0.003387,0.006383,0.012087,0.016059,0.011079,0.011892,0.015827,0.019548,0.027614,0.026642,0.022602,0.027606,0.026221,0.023238,0.031502,0.033643,0.029083,0.035614,0.043562,0.035368,0.043467,0.03947,0.033608,0.027604,0.021592,0.019769,0.017004,0.016654,0.020461,0.023649,0.022554,0.011419,0.007667,0.008948,0.013885,0.015313,0.017948,0.01769,0.01389,0.020495,0.024815,0.027883,0.017382,0.011326,0.006475,0.008434,0.011732,0.003185,0.005825,0.005411,0.00988,0.010129,0.004215,0.001114,0.001084,0.000143,0.001121,0.000889,0.001078,0.001591,0.001314,0.000575,0.000231,0.000038,0.000062,0,0,0,0,0,0,0,0,0,0,0,0,0,0,0,0,0,0,0,0,0,0,0,0,0,0,0,0,0,0,0,0,0
4165,0.000718,0.001776,0.004794,0.00989,0.010775,0.008499,0.010966,0.014174,0.018165,0.019424,0.024761,0.018069,0.022635,0.027954,0.028338,0.029317,0.030369,0.033533,0.034011,0.03607,0.040901,0.03933,0.041286,0.036139,0.031554,0.028704,0.029907,0.018809,0.01599,0.020192,0.019503,0.019424,0.01578,0.012335,0.015419,0.016434,0.015322,0.01967,0.016144,0.016821,0.025364,0.02185,0.026469,0.014131,0.012688,0.011203,0.012609,0.005353,0.005493,0.006591,0.009339,0.010045,0.003819,0.001629,0.001115,0.000223,0.000332,0.001422,0.000679,0.001896,0.001571,0.000578,0.000215,0.000046,0.00006,0,0,0,0,0,0,0,0,0,0,0,0,0,0,0,0,0,0,0,0,0,0,0,0,0,0,0,0,0,0,0,0,0,0,0
1303,0.001413,0.004295,0.005398,0.007259,0.014126,0.016191,0.018371,0.0161,0.022738,0.025925,0.025541,0.025162,0.036233,0.033769,0.033265,0.027911,0.025549,0.028849,0.03382,0.034965,0.039475,0.036415,0.035536,0.021593,0.026515,0.024113,0.023016,0.023651,0.025089,0.025677,0.021934,0.026537,0.028629,0.024753,0.027324,0.017576,0.015379,0.015903,0.020668,0.010474,0.009706,0.006937,0.009201,0.010781,0.009827,0.014141,0.008163,0.004531,0.003294,0.003477,0.003973,0.00484,0.003715,0.001637,0.000572,0,0,0,0.000101,0.000205,0.000073,0.00007,0.000023,0,0,0,0,0,0,0,0,0,0,0,0,0,0,0,0,0,0,0,0,0,0,0,0,0,0,0,0,0,0,0,0,0,0,0,0,0
1743,0.002371,0.00547,0.007721,0.010209,0.010639,0.015219,0.01562,0.022719,0.021141,0.017843,0.018444,0.019358,0.022803,0.014957,0.015087,0.019407,0.023009,0.017783,0.019392,0.019664,0.01774,0.020946,0.020969,0.024256,0.020474,0.013364,0.015973,0.013874,0.016853,0.016121,0.013829,0.013206,0.014533,0.013898,0.013674,0.012822,0.017403,0.017863,0.012936,0.017207,0.013777,0.015066,0.012567,0.016642,0.016122,0.020386,0.017191,0.015682,0.017778,0.013882,0.011866,0.010931,0.009202,0.011537,0.013177,0.012992,0.014599,0.015055,0.017033,0.019577,0.012137,0.013439,0.017756,0.006986,0.014913,0.008207,0.005524,0.003397,0.003686,0.002182,0.004041,0.004615,0.005933,0.009717,0.01271,0.015225,0.007328,0.001991,0.000401,0.002135,0.000495,0.000379,0.000256,0,0,0.00004,0.000597,0.000202,0.000087,0.000149,0,0,0,0,0,0,0,0,0,0
1185,0.000776,0.000638,0.001893,0.00743,0.009602,0.013295,0.020343,0.013181,0.011858,0.012385,0.015612,0.015566,0.024144,0.025843,0.027863,0.032509,0.039686,0.037595,0.038549,0.04093,0.044418,0.052066,0.036189,0.024389,0.019163,0.019185,0.020951,0.022603,0.018199,0.019779,0.016553,0.018337,0.015576,0.01462,0.017251,0.018868,0.023223,0.02036,0.02197,0.015904,0.011554,0.011124,0.009916,0.010695,0.012674,0.010265,0.010525,0.008187,0.008391,0.005886,0.005163,0.007732,0.010004,0.007304,0.005859,0.004525,0.004092,0.005011,0.004433,0.004396,0.003312,0.002223,0.004939,0.004068,0.003715,0.004047,0.003464,0.003588,0.002458,0.000147,0.000017,0,0,0,0,0,0,0,0,0,0,0,0,0,0,0,0,0,0,0,0,0,0,0,0,0,0,0,0,0
2537,0.001011,0.005574,0.003453,0.010761,0.011559,0.014815,0.014869,0.015566,0.014996,0.015502,0.014039,0.0145,0.01627,0.018139,0.014788,0.020285,0.014329,0.014533,0.018887,0.017364,0.021316,0.016608,0.015782,0.017179,0.014516,0.014093,0.020703,0.019439,0.018934,0.013192,0.01407,0.014287,0.014844,0.017109,0.013868,0.014952,0.013696,0.014057,0.012948,0.014224,0.021497,0.012627,0.013873,0.017901,0.016573,0.013573,0.014047,0.017059,0.017079,0.020416,0.019217,0.015152,0.018114,0.013622,0.012604,0.00923,0.010211,0.010427,0.016775,0.011128,0.01595,0.016641,0.016297,0.021664,0.013188,0.0134,0.01838,0.007704,0.016853,0.009306,0.005146,0.003225,0.003494,0.003038,0.005144,0.004353,0.00691,0.011025,0.023754,0.008395,0.006682,0.001619,0.002564,0.000157,0.001012,0.000236,0.000084,0,0.000008,0.000781,0.000255,0.000113,0.000199,0,0,0,0,0,0,0
5195,0.000471,0.001001,0.001078,0.000768,0.001868,0.003196,0.003814,0.004726,0.003916,0.001825,0.004132,0.006891,0.008906,0.012425,0.013368,0.014631,0.011875,0.011294,0.008125,0.009124,0.011149,0.009127,0.019832,0.013096,0.012305,0.009373,0.01353,0.013542,0.011495,0.013348,0.012437,0.019363,0.018994,0.025305,0.020869,0.023812,0.018634,0.01963,0.022042,0.021099,0.032293,0.031339,0.027633,0.035586,0.035661,0.029309,0.028088,0.032934,0.03614,0.025005,0.026843,0.016834,0.022307,0.0204,0.018262,0.019226,0.017052,0.020001,0.018199,0.015506,0.014517,0.009489,0.00895,0.008924,0.009339,0.009497,0.007975,0.013335,0.009914,0.010447,0.006329,0.00631,0.008616,0.004562,0.00448,0.004538,0.005062,0.004447,0.0023,0.004702,0.002991,0.002106,0.002304,0.000501,0,0,0,0,0,0,0,0,0,0,0,0,0,0,0,0
2880,0.00171,0.003782,0.009461,0.013412,0.014844,0.017804,0.021269,0.021321,0.025585,0.022081,0.025978,0.028034,0.028823,0.028628,0.0244,0.021221,0.026841,0.017738,0.024349,0.021764,0.020204,0.016415,0.017266,0.018999,0.019148,0.018009,0.014549,0.017219,0.018463,0.01192,0.014416,0.019748,0.017859,0.016522,0.017531,0.013851,0.013928,0.01415,0.011145,0.021121,0.017079,0.014761,0.014018,0.017052,0.01168,0.008629,0.009281,0.010143,0.011041,0.014209,0.012157,0.014584,0.017581,0.016909,0.017303,0.010573,0.009587,0.021719,0.005916,0.007531,0.005167,0.002811,0.003057,0.002088,0.004152,0.004127,0.005321,0.007216,0.019493,0.005692,0.005769,0.001755,0.000192,0.001773,0.000494,0.000323,0.000185,0.00002,0,0,0.000361,0.000146,0.00014,0.000154,0,0,0,0,0,0,0,0,0,0,0,0,0,0,0,0
403,0.002092,0.00389,0.006617,0.004217,0.00537,0.00727,0.007735,0.005923,0.006945,0.011423,0.013322,0.015087,0.015309,0.014184,0.016806,0.013771,0.015791,0.018631,0.012735,0.013002,0.015051,0.016567,0.015389,0.015467,0.009429,0.019188,0.017718,0.016696,0.015302,0.017749,0.015901,0.025254,0.012046,0.014872,0.014213,0.014833,0.014425,0.016723,0.015498,0.015961,0.013733,0.013975,0.014157,0.020201,0.019349,0.012252,0.011758,0.014052,0.016254,0.012943,0.015598,0.013784,0.022972,0.02261,0.01848,0.017997,0.020616,0.01592,0.015754,0.0111,0.012518,0.010188,0.016852,0.011416,0.015166,0.017797,0.018958,0.014289,0.018936,0.015493,0.021493,0.00957,0.017638,0.006591,0.009186,0.006667,0.005028,0.003021,0.003568,0.00452,0.006344,0.009021,0.01442,0.030283,0.006188,0.010239,0.001171,0.003249,0.000915,0.000339,0.000485,0.000248,0,0,0.000641,0.000954,0.000546,0.000756,0,0
3189,0.000135,0.000552,0.005108,0.008225,0.006789,0.012057,0.014449,0.011088,0.016438,0.0146,0.020683,0.018379,0.028845,0.034371,0.03633,0.027333,0.029271,0.033329,0.023978,0.029789,0.030752,0.03409,0.026179,0.024289,0.034706,0.037651,0.02936,0.026857,0.022712,0.020795,0.017778,0.017706,0.016541,0.019876,0.017212,0.016339,0.021675,0.018767,0.0171,0.013097,0.010793,0.012959,0.017533,0.014042,0.012943,0.019041,0.01284,0.008006,0.006075,0.006143,0.012554,0.0067,0.006487,0.004481,0.003542,0.003666,0.003459,0.00368,0.005636,0.004493,0.003252,0.004777,0.003741,0.00495,0.003703,0.002833,0.002704,0.001569,0.000732,0,0,0,0,0,0,0,0,0,0,0,0,0,0,0,0,0,0,0,0,0,0,0,0,0,0,0,0,0,0,0
3198,0.000215,0.000653,0.006718,0.006584,0.005933,0.012922,0.013002,0.012117,0.01496,0.016778,0.018763,0.01938,0.027137,0.036357,0.036929,0.028849,0.027626,0.029029,0.027455,0.029163,0.032318,0.033518,0.025113,0.023626,0.033593,0.039634,0.028298,0.02858,0.022669,0.020414,0.01776,0.017566,0.016579,0.01833,0.019155,0.01629,0.020742,0.018823,0.016656,0.013949,0.010873,0.013493,0.015378,0.0148,0.013416,0.019416,0.012277,0.00897,0.005728,0.007131,0.010185,0.008085,0.006719,0.005295,0.002707,0.004292,0.003395,0.003545,0.005833,0.0046,0.002105,0.004578,0.004933,0.004159,0.004448,0.002686,0.003098,0.001587,0.000981,0,0,0,0,0,0,0,0,0,0,0,0,0,0,0,0,0,0,0,0,0,0,0,0,0,0,0,0,0,0,0
8365,0.000832,0.00109,0.001271,0.001451,0.004979,0.006946,0.006218,0.006893,0.008421,0.008744,0.01089,0.007355,0.007223,0.006873,0.003839,0.014126,0.006067,0.008613,0.014805,0.016719,0.013825,0.013161,0.019583,0.01432,0.013816,0.019521,0.015246,0.01005,0.015429,0.016414,0.018246,0.023015,0.024735,0.029094,0.017115,0.023875,0.028059,0.030348,0.025602,0.0269,0.028101,0.031222,0.034842,0.028979,0.028669,0.02905,0.021061,0.017622,0.01526,0.016088,0.018711,0.017488,0.021438,0.016514,0.015533,0.019187,0.026605,0.018162,0.013485,0.011407,0.013738,0.009523,0.015449,0.007654,0.008444,0.007512,0.005271,0.003738,0.003576,0.003996,0.005393,0.005482,0.004832,0.008235,0.005911,0.005806,0.006553,0.004392,0.003128,0.00328,0.001494,0.001184,0.001203,0.000713,0,0,0,0,0,0,0,0,0,0,0,0,0,0,0,0
7669,0.000339,0.002119,0.003414,0.007006,0.006377,0.008288,0.015096,0.012944,0.014485,0.012228,0.017502,0.018765,0.026741,0.021777,0.027596,0.022482,0.030802,0.030105,0.025478,0.028665,0.028377,0.029505,0.027093,0.031262,0.030964,0.040368,0.029957,0.035384,0.029869,0.024432,0.02291,0.021009,0.020387,0.020406,0.018537,0.01581,0.014071,0.020555,0.018607,0.01626,0.014149,0.012998,0.013226,0.009429,0.011204,0.0117,0.010938,0.011699,0.009985,0.007175,0.005994,0.006149,0.007581,0.004834,0.011753,0.005709,0.007954,0.006674,0.004047,0.004963,0.004115,0.00226,0.004512,0.00493,0.004408,0.001933,0.004528,0.003823,0.004137,0.001758,0.001277,0.000139,0,0,0,0,0,0,0,0,0,0,0,0,0,0,0,0,0,0,0,0,0,0,0,0,0,0,0,0
4463,0.000904,0.002471,0.004359,0.007323,0.009386,0.013247,0.014638,0.018009,0.017869,0.021025,0.025525,0.023273,0.023569,0.017847,0.020312,0.026569,0.022303,0.019545,0.024417,0.029147,0.031187,0.023887,0.031636,0.028383,0.030068,0.034534,0.029724,0.02885,0.029654,0.035802,0.043419,0.036651,0.029793,0.028201,0.030789,0.023972,0.020239,0.023667,0.023763,0.016049,0.010926,0.0088,0.008186,0.009692,0.009067,0.007643,0.006243,0.006002,0.003861,0.004371,0.005981,0.004332,0.003774,0.002381,0.002745,0.003376,0.003295,0.002461,0.001143,0.001072,0.000133,0,0,0,0,0,0,0,0,0,0,0,0,0,0,0,0,0,0,0,0,0,0,0,0,0,0,0,0,0,0,0,0,0,0,0,0,0,0,0
236,0.001794,0.004218,0.007941,0.012234,0.020844,0.018269,0.017864,0.022319,0.025583,0.024125,0.031413,0.034347,0.033422,0.033406,0.032448,0.030314,0.027638,0.030967,0.028617,0.038686,0.029343,0.033421,0.030476,0.024926,0.016482,0.017598,0.020138,0.02231,0.0277,0.018933,0.017082,0.011103,0.012154,0.01562,0.010588,0.012738,0.011119,0.020714,0.015821,0.018135,0.020378,0.02072,0.019535,0.013347,0.011219,0.013628,0.008435,0.005367,0.002029,0.001609,0.002517,0.003629,0.005153,0.006569,0.007413,0.011703,0.005391,0.00109,0.001132,0.001736,0.001286,0.000271,0.00038,0.000177,0.000015,0,0,0.000135,0.000219,0.000085,0.000082,0.000028,0,0,0,0,0,0,0,0,0,0,0,0,0,0,0,0,0,0,0,0,0,0,0,0,0,0,0,0
1487,0.001417,0.001946,0.003391,0.004809,0.007096,0.009799,0.009437,0.013274,0.00862,0.013059,0.010436,0.008961,0.008465,0.012671,0.013224,0.020418,0.016552,0.017552,0.01786,0.01258,0.015786,0.020197,0.038557,0.030032,0.026872,0.025778,0.026336,0.0326,0.037452,0.031585,0.035036,0.024677,0.033653,0.033293,0.033887,0.038774,0.035746,0.039148,0.042036,0.029473,0.027521,0.028282,0.015753,0.014758,0.011051,0.012296,0.008602,0.009143,0.011236,0.00891,0.00611,0.005644,0.008032,0.00568,0.003822,0.003768,0.002967,0.002918,0.002649,0.002788,0.002124,0.00146,0.001405,0.000746,0,0,0,0,0,0,0,0,0,0,0,0,0,0,0,0,0,0,0,0,0,0,0,0,0,0,0,0,0,0,0,0,0,0,0,0
1417,0.001444,0.004934,0.006373,0.010804,0.011651,0.010142,0.01832,0.015225,0.009251,0.010951,0.01465,0.011699,0.010226,0.011265,0.013481,0.017829,0.020694,0.022286,0.023734,0.023797,0.018162,0.022008,0.032034,0.022642,0.028551,0.027773,0.027343,0.035362,0.030448,0.030651,0.031275,0.047726,0.043292,0.034639,0.033106,0.03383,0.02628,0.02018,0.020091,0.019347,0.016543,0.016383,0.013962,0.011662,0.012264,0.010136,0.007962,0.00645,0.007413,0.006826,0.005642,0.011029,0.008604,0.007212,0.005707,0.002758,0.005307,0.003562,0.005461,0.003289,0.002226,0.003252,0.003294,0.003584,0.002786,0.001509,0.00135,0.000498,0,0,0,0,0,0,0,0,0,0,0,0,0,0,0,0,0,0,0,0,0,0,0,0,0,0,0,0,0,0,0,0
1354,0.001366,0.001361,0.001401,0.002622,0.002806,0.010084,0.007692,0.006492,0.011,0.010039,0.009396,0.010262,0.011965,0.009811,0.014812,0.013774,0.026207,0.023974,0.01692,0.032145,0.019098,0.021679,0.023212,0.023498,0.028821,0.025891,0.022652,0.030214,0.024179,0.01935,0.019989,0.020202,0.019707,0.021454,0.018182,0.024564,0.021134,0.016772,0.013545,0.016099,0.013508,0.013247,0.019857,0.013588,0.018407,0.01739,0.013074,0.012267,0.012928,0.020476,0.018966,0.017752,0.015032,0.015559,0.010942,0.011092,0.00957,0.01291,0.011805,0.01404,0.011968,0.009102,0.009952,0.006376,0.005819,0.007148,0.013587,0.007983,0.007534,0.006468,0.006797,0.005749,0.006361,0.004322,0.00335,0.005153,0.006554,0.005235,0.004054,0.006036,0.005645,0.006087,0.002007,0.000654,0.000105,0,0,0,0,0,0,0,0,0,0,0,0,0,0,0
334,0.000323,0.000876,0.001506,0.003378,0.003343,0.002889,0.002481,0.005064,0.007018,0.006282,0.010387,0.014326,0.011597,0.007282,0.008979,0.009335,0.017421,0.021663,0.018324,0.019562,0.012723,0.012934,0.011596,0.011155,0.011374,0.012941,0.014409,0.018414,0.022777,0.019491,0.019334,0.016393,0.021209,0.020575,0.022869,0.03271,0.022431,0.023626,0.026316,0.027417,0.031037,0.030439,0.035414,0.026694,0.026456,0.022862,0.021162,0.02515,0.018563,0.018102,0.018593,0.016102,0.015046,0.016526,0.017209,0.017482,0.015929,0.015992,0.012755,0.011491,0.008467,0.009238,0.007263,0.006585,0.009604,0.008742,0.012742,0.011048,0.009359,0.005336,0.004448,0.007607,0.005411,0.004574,0.005064,0.003896,0.003747,0.004663,0.004655,0.002964,0.002179,0.002021,0.000574,0,0,0,0,0,0,0,0,0,0,0,0,0,0,0,0,0
7408,0.000529,0.001333,0.0011,0.005622,0.004426,0.007806,0.007255,0.008926,0.011045,0.01238,0.010761,0.018095,0.025384,0.022872,0.023431,0.020395,0.02942,0.022095,0.023718,0.029334,0.02552,0.028323,0.027466,0.02938,0.027794,0.02556,0.021005,0.023595,0.028732,0.016512,0.032619,0.017905,0.02873,0.015076,0.016574,0.013819,0.018557,0.016276,0.014049,0.0172,0.01594,0.009957,0.012876,0.01498,0.014857,0.020804,0.017928,0.015508,0.013275,0.011117,0.009814,0.01018,0.010668,0.012027,0.01339,0.009849,0.008808,0.009578,0.005806,0.005314,0.007059,0.011579,0.00809,0.007,0.005391,0.005799,0.004012,0.005971,0.004033,0.003685,0.003795,0.005938,0.003975,0.004382,0.004966,0.004293,0.005308,0.001654,0.000188,0.000022,0,0,0,0,0,0,0,0,0,0,0,0,0,0,0,0,0,0,0,0
8668,0.001563,0.004887,0.008873,0.009633,0.013614,0.015691,0.018362,0.028276,0.030576,0.025821,0.032317,0.028293,0.02352,0.02322,0.029497,0.025246,0.024321,0.028799,0.025042,0.020399,0.024892,0.01577,0.020633,0.017308,0.018294,0.017488,0.010486,0.016727,0.013515,0.02266,0.018188,0.024756,0.027341,0.017939,0.014349,0.010301,0.009614,0.016033,0.019672,0.009745,0.015573,0.011611,0.01169,0.00802,0.008525,0.009887,0.010802,0.01194,0.016234,0.015162,0.015302,0.018398,0.021177,0.010426,0.005971,0.024217,0.008234,0.006119,0.00247,0.001289,0.002949,0.003731,0.0047,0.004694,0.008795,0.014758,0.008126,0.002471,0.001321,0.002091,0.000378,0.00178,0.000602,0.000108,0,0,0.000227,0.000216,0.00012,0.00013,0,0,0,0,0,0,0,0,0,0,0,0,0,0,0,0,0,0,0,0
4834,0.00057,0.002097,0.003896,0.00453,0.006588,0.00446,0.004229,0.007793,0.013067,0.01717,0.01826,0.016086,0.014872,0.013122,0.014598,0.014956,0.011339,0.019067,0.012112,0.015286,0.018981,0.018319,0.029594,0.027737,0.028957,0.021654,0.022179,0.024522,0.020004,0.023601,0.029806,0.022795,0.033815,0.028205,0.035196,0.030259,0.030864,0.024112,0.023425,0.020211,0.029597,0.022526,0.017527,0.016929,0.014831,0.014347,0.013449,0.018018,0.01347,0.014715,0.013495,0.010923,0.011697,0.00987,0.007166,0.005713,0.007783,0.008308,0.005955,0.011409,0.009611,0.007756,0.006621,0.003164,0.005686,0.004277,0.005775,0.002355,0.004406,0.003414,0.003936,0.00398,0.003428,0.001983,0.001645,0.000866,0,0,0,0,0,0,0,0,0,0,0,0,0,0,0,0,0,0,0,0,0,0,0,0
7001,0.001943,0.003505,0.012647,0.010609,0.018385,0.020647,0.024006,0.024675,0.027553,0.024748,0.022879,0.026979,0.022906,0.036233,0.035204,0.034345,0.042358,0.041636,0.037106,0.02953,0.02756,0.025052,0.035379,0.022913,0.027657,0.02067,0.023227,0.019429,0.016084,0.014869,0.015207,0.015585,0.027256,0.019096,0.023576,0.021246,0.02004,0.018312,0.012773,0.015362,0.015922,0.00762,0.0064,0.007618,0.005712,0.006392,0.005887,0.006937,0.007085,0.006494,0.007191,0.009057,0.005537,0.002463,0.000522,0.001258,0.000368,0.000104,0.000029,0.000128,0.00021,0.000079,0,0,0,0.000337,0.00008,0.00004,0.000064,0,0,0,0,0,0,0,0,0,0,0,0,0,0,0,0,0,0,0,0,0,0,0,0,0,0,0,0,0,0,0
2753,0.001047,0.004839,0.009831,0.012674,0.013925,0.01908,0.017139,0.019419,0.023525,0.019459,0.023172,0.02245,0.02605,0.022585,0.022522,0.022133,0.016469,0.019526,0.018864,0.022127,0.019515,0.026858,0.018133,0.019504,0.016094,0.016951,0.019625,0.016109,0.013172,0.013924,0.015943,0.013125,0.010273,0.018297,0.014128,0.017509,0.016743,0.017347,0.013328,0.013472,0.015366,0.011908,0.020874,0.01762,0.017035,0.015359,0.015912,0.00987,0.010044,0.009354,0.010948,0.010626,0.01601,0.011806,0.014306,0.016069,0.020288,0.015542,0.011525,0.011085,0.021172,0.006062,0.007958,0.005095,0.002917,0.00317,0.002356,0.004433,0.004167,0.005265,0.009088,0.019316,0.006175,0.006873,0.001535,0.000189,0.001931,0.000571,0.000324,0.000227,0,0,0.000035,0.000507,0.00017,0.000072,0.000121,0,0,0,0,0,0,0,0,0,0,0,0,0
3468,0.00051,0.000956,0.002641,0.00423,0.005851,0.008569,0.007555,0.009426,0.01351,0.009835,0.01232,0.01614,0.015599,0.019976,0.023572,0.018946,0.016941,0.015358,0.012465,0.014415,0.015643,0.011754,0.01261,0.014253,0.012648,0.018745,0.015577,0.016148,0.013021,0.019013,0.020615,0.015035,0.018389,0.024957,0.01383,0.017124,0.018092,0.013071,0.014976,0.013601,0.015371,0.010117,0.011571,0.019397,0.021025,0.024335,0.026512,0.026378,0.023623,0.011591,0.011211,0.006499,0.007879,0.019245,0.012686,0.013465,0.012219,0.010126,0.009947,0.012822,0.007371,0.012333,0.014706,0.021057,0.021939,0.018713,0.023874,0.023016,0.021793,0.01806,0.00591,0.020215,0.005838,0.006234,0.002513,0.006854,0.013994,0.00624,0.014567,0.007626,0.00308,0.002304,0.001514,0.002419,0.002268,0.002328,0.002897,0.000803,0.000335,0.000023,0,0,0,0,0,0,0,0,0,0
5213,0.00041,0.001182,0.001933,0.001509,0.002386,0.004156,0.005372,0.004039,0.003858,0.003451,0.007522,0.004318,0.007556,0.007617,0.009038,0.008288,0.005595,0.008751,0.011291,0.008244,0.014506,0.00623,0.013424,0.012207,0.014657,0.01329,0.009212,0.014228,0.015465,0.013725,0.0097,0.012508,0.01674,0.015587,0.022277,0.016769,0.020733,0.016209,0.023349,0.028124,0.027267,0.025477,0.024007,0.022816,0.026938,0.029322,0.031995,0.032073,0.030414,0.026776,0.028472,0.02335,0.022928,0.023838,0.018195,0.018543,0.021769,0.017501,0.016862,0.018554,0.01863,0.020385,0.017816,0.015586,0.0133,0.012761,0.009704,0.008698,0.00866,0.011949,0.00805,0.009021,0.015928,0.011727,0.008255,0.006971,0.00795,0.006969,0.004841,0.004971,0.005984,0.00463,0.00578,0.004147,0.0048,0.002894,0.003017,0.001795,0,0,0,0,0,0,0,0,0,0,0,0
3108,0.000897,0.002829,0.005258,0.011392,0.010608,0.018015,0.018052,0.020021,0.020961,0.026408,0.018355,0.026395,0.041411,0.023508,0.022216,0.034074,0.039305,0.034317,0.036347,0.027102,0.02705,0.030582,0.03395,0.031749,0.033194,0.032108,0.034323,0.027805,0.025927,0.032075,0.021595,0.019894,0.022721,0.01629,0.012492,0.013196,0.013091,0.013265,0.00736,0.00825,0.010049,0.014323,0.010717,0.010154,0.009946,0.007544,0.005889,0.005441,0.008086,0.01301,0.006569,0.004035,0.005164,0.004208,0.005025,0.003525,0.002569,0.001859,0.001434,0.000481,0.000077,0.000215,0.000192,0,0,0,0.000094,0.000335,0,0.00008,0.000027,0,0,0,0,0,0,0,0,0,0,0,0,0,0,0,0,0,0,0,0,0,0,0,0,0,0,0,0,0
1501,0.001991,0.004217,0.007113,0.009116,0.010337,0.009208,0.008055,0.008502,0.007491,0.00878,0.010585,0.011821,0.014371,0.011005,0.011064,0.013761,0.01257,0.015051,0.014742,0.024219,0.023291,0.025272,0.020727,0.022483,0.021927,0.031859,0.029227,0.036889,0.023419,0.029189,0.029831,0.043005,0.033722,0.035899,0.032733,0.034514,0.032437,0.035954,0.03724,0.034908,0.026347,0.022004,0.020282,0.01926,0.011455,0.009104,0.008282,0.006553,0.009406,0.009068,0.011253,0.008974,0.008864,0.004738,0.0041,0.006279,0.004374,0.00316,0.004146,0.002702,0.002756,0.00339,0.002726,0.002319,0.001482,0.001359,0.000656,0,0,0,0,0,0,0,0,0,0,0,0,0,0,0,0,0,0,0,0,0,0,0,0,0,0,0,0,0,0,0,0,0
2117,0.00027,0.002384,0.00432,0.008412,0.011562,0.011469,0.011596,0.015271,0.014984,0.018299,0.021138,0.018436,0.023701,0.02128,0.026991,0.031557,0.024121,0.02788,0.027016,0.029476,0.018863,0.019337,0.022914,0.024725,0.01594,0.022086,0.017126,0.018625,0.020255,0.027356,0.016231,0.013457,0.017413,0.010945,0.011762,0.014147,0.008139,0.009371,0.018834,0.020257,0.021009,0.016341,0.020709,0.014704,0.015844,0.014944,0.014001,0.014636,0.01625,0.01018,0.014709,0.014056,0.014938,0.010503,0.013854,0.010877,0.018439,0.007457,0.008446,0.01237,0.005541,0.003884,0.004542,0.004233,0.005101,0.003882,0.003239,0.003377,0.006355,0.007095,0.006473,0.007396,0.007117,0.01496,0.006112,0.000679,0.000023,0.000211,0.00006,0.000083,0.000044,0.000328,0.000247,0,0,0.00004,0.000597,0.000202,0.000087,0.000149,0,0,0,0,0,0,0,0,0,0
1752,0.00129,0.005288,0.00733,0.010752,0.010121,0.013138,0.020583,0.020536,0.020953,0.0168,0.014121,0.016869,0.016733,0.01992,0.014592,0.013966,0.020026,0.019522,0.02269,0.019909,0.015975,0.018874,0.015147,0.016791,0.023057,0.019482,0.017167,0.015217,0.013407,0.013064,0.016477,0.015326,0.014359,0.01397,0.015431,0.013851,0.011734,0.011586,0.018289,0.018306,0.015004,0.017322,0.016347,0.013122,0.017581,0.013326,0.014547,0.021699,0.017992,0.014607,0.018322,0.01251,0.01135,0.008696,0.009169,0.011066,0.017241,0.012314,0.01494,0.01491,0.020059,0.01902,0.012936,0.012931,0.015546,0.015713,0.008201,0.008551,0.0033,0.003264,0.003156,0.004078,0.00391,0.004949,0.009618,0.012653,0.017564,0.007917,0.002912,0.001288,0.002121,0.000406,0.000669,0.000259,0,0,0.000082,0.000594,0.000217,0.000094,0.000163,0,0,0,0,0,0,0,0,0
7145,0.00045,0.000108,0.000028,0.00022,0.000865,0.000804,0.000909,0.001024,0.00172,0.001212,0.00265,0.000881,0.001972,0.003909,0.002398,0.003811,0.003701,0.005287,0.004703,0.00484,0.0062,0.009901,0.009918,0.009241,0.011481,0.012513,0.009829,0.012492,0.011089,0.0142,0.015635,0.016607,0.011614,0.013922,0.013974,0.012207,0.011388,0.010386,0.012222,0.011659,0.017499,0.01578,0.018094,0.01864,0.014827,0.022489,0.023089,0.014289,0.016761,0.023617,0.023263,0.018734,0.017671,0.019946,0.018447,0.015899,0.017045,0.023932,0.015454,0.018208,0.026223,0.033794,0.022215,0.034653,0.026706,0.018369,0.008859,0.007223,0.011294,0.007335,0.030099,0.015084,0.017217,0.010633,0.014404,0.016198,0.01664,0.019448,0.030081,0.024133,0.030418,0.029348,0.033985,0.033923,0.057046,0.037346,0.005347,0.011121,0.037415,0.026699,0.0096,0.014953,0.017915,0.028838,0.012367,0.01198,0.004843,0.009523,0.003385,0.022482
5298,0.000264,0.00028,0.000586,0.002813,0.008054,0.003686,0.001544,0.004445,0.004293,0.004209,0.004377,0.003491,0.002655,0.004026,0.010155,0.008167,0.004466,0.003505,0.001664,0.009848,0.003616,0.006326,0.005618,0.009033,0.009564,0.006821,0.009578,0.013441,0.015617,0.017903,0.01893,0.017712,0.01423,0.011923,0.008464,0.010959,0.013187,0.020132,0.016075,0.02638,0.021216,0.020232,0.021413,0.022856,0.027713,0.019383,0.03035,0.02185,0.020531,0.0255,0.024788,0.024783,0.030339,0.031979,0.029204,0.02392,0.015557,0.018837,0.020433,0.028088,0.02216,0.019726,0.019738,0.016264,0.018005,0.01963,0.022201,0.018604,0.019948,0.016366,0.015273,0.01433,0.010309,0.010845,0.00919,0.012003,0.011656,0.009011,0.018821,0.014039,0.012664,0.006907,0.00801,0.011852,0.006398,0.006701,0.007193,0.007759,0.007886,0.005757,0.008419,0.00582,0.004208,0.004592,0.000712,0,0,0,0,0
206,0.002097,0.005131,0.011738,0.009384,0.021394,0.018274,0.020132,0.02735,0.027169,0.026637,0.032665,0.033713,0.035318,0.036281,0.033104,0.032626,0.029461,0.025635,0.022637,0.034363,0.023272,0.026861,0.026299,0.022846,0.024685,0.016532,0.021227,0.023396,0.022581,0.016736,0.01707,0.016739,0.018478,0.012646,0.013954,0.009277,0.014501,0.015896,0.017793,0.015457,0.021255,0.018901,0.020755,0.009448,0.005548,0.020261,0.006418,0.005231,0.003645,0.003578,0.002686,0.002483,0.003636,0.003707,0.005244,0.008097,0.006319,0.010807,0.005513,0.001329,0.000159,0.001386,0.000295,0.000052,0.000138,0.000227,0.000086,0,0,0.000023,0.000349,0.000089,0.000044,0.000072,0,0,0,0,0,0,0,0,0,0,0,0,0,0,0,0,0,0,0,0,0,0,0,0,0,0
8893,0.001144,0.003496,0.005694,0.008435,0.009592,0.015881,0.01376,0.011775,0.011813,0.013383,0.022279,0.028125,0.022667,0.033939,0.027592,0.029124,0.038461,0.0374,0.034337,0.035285,0.026497,0.029262,0.03091,0.02827,0.033157,0.037977,0.031673,0.024807,0.020734,0.023662,0.019003,0.019992,0.018028,0.022191,0.016102,0.024427,0.035914,0.0274,0.022358,0.015621,0.014978,0.009949,0.016316,0.007391,0.011398,0.014403,0.010389,0.008606,0.00405,0.005015,0.001871,0.001371,0.002078,0.000747,0.001027,0.001337,0.001306,0.000337,0.000166,0.000072,0.000069,0.000023,0,0,0,0,0,0,0,0,0,0,0,0,0,0,0,0,0,0,0,0,0,0,0,0,0,0,0,0,0,0,0,0,0,0,0,0,0,0
6905,0.00088,0.000802,0.000861,0.00013,0.000808,0.000717,0.004924,0.004876,0.002553,0.004081,0.007268,0.009192,0.012732,0.008943,0.010028,0.011318,0.00687,0.006239,0.006596,0.009854,0.013688,0.007709,0.009697,0.007757,0.018616,0.014536,0.009712,0.012084,0.009071,0.007773,0.009247,0.013304,0.015329,0.026109,0.017051,0.022753,0.016527,0.019191,0.021049,0.019771,0.020776,0.02164,0.024926,0.029768,0.025281,0.028136,0.024252,0.02059,0.030149,0.026878,0.017409,0.018514,0.022915,0.013193,0.023465,0.015213,0.011518,0.014318,0.01528,0.014375,0.020396,0.014508,0.016276,0.019924,0.01675,0.020572,0.014123,0.013471,0.012696,0.018028,0.013616,0.013511,0.014817,0.016973,0.010491,0.008944,0.009118,0.016686,0.010975,0.009457,0.008665,0.006027,0.006402,0.007055,0.009195,0.009284,0.00942,0.005168,0.012637,0.010521,0.011902,0.012672,0.00844,0.010329,0.006703,0.002782,0,0,0,0
5537,0.00212,0.004739,0.008181,0.012786,0.014791,0.018685,0.023966,0.024282,0.025363,0.028485,0.027335,0.037924,0.032253,0.032833,0.031565,0.027656,0.028069,0.017342,0.021333,0.029073,0.019382,0.018897,0.020151,0.016204,0.016584,0.022097,0.015376,0.02293,0.01787,0.014394,0.016036,0.016306,0.018824,0.016693,0.023511,0.015097,0.019387,0.016011,0.015006,0.010738,0.013674,0.00813,0.011013,0.013297,0.012318,0.013166,0.012682,0.017186,0.019013,0.008991,0.008868,0.015309,0.014451,0.005004,0.003574,0.00379,0.005056,0.0036,0.00291,0.002453,0.003017,0.006603,0.004771,0.010875,0.013141,0.005241,0.003284,0.001542,0.000516,0.000161,0,0.000065,0.000272,0.000188,0,0,0,0.000324,0.000239,0.000012,0.000135,0,0,0,0,0,0,0,0,0,0,0,0,0,0,0,0,0,0,0
3726,0.001046,0.004155,0.006848,0.014877,0.020968,0.018221,0.018065,0.018804,0.021043,0.028929,0.027898,0.033683,0.03379,0.032311,0.031547,0.02642,0.028894,0.028614,0.040604,0.03385,0.040915,0.033867,0.030971,0.020933,0.016075,0.018299,0.020272,0.028546,0.020692,0.021255,0.013435,0.010969,0.012596,0.015109,0.012604,0.013902,0.012402,0.020538,0.01874,0.020877,0.020773,0.019093,0.016882,0.016311,0.006219,0.015904,0.005663,0.002293,0.001926,0.002161,0.003783,0.004503,0.007329,0.006962,0.012334,0.005094,0.000423,0.00121,0.001819,0.000274,0.001231,0.000609,0.000172,0,0,0,0.000179,0.000168,0.000083,0.000107,0,0,0,0,0,0,0,0,0,0,0,0,0,0,0,0,0,0,0,0,0,0,0,0,0,0,0,0,0,0
5067,0.000238,0.000617,0.000739,0.001053,0.002095,0.003307,0.004837,0.006262,0.00571,0.00856,0.00709,0.011363,0.013351,0.005567,0.004217,0.010831,0.005675,0.005676,0.005819,0.007464,0.00928,0.017356,0.015347,0.019726,0.022067,0.016918,0.012351,0.016214,0.016302,0.013403,0.01284,0.021922,0.019041,0.019174,0.021292,0.018732,0.022128,0.022589,0.021426,0.021215,0.026245,0.022929,0.020834,0.015713,0.027444,0.018291,0.027926,0.020795,0.024448,0.019437,0.022104,0.014388,0.011247,0.020885,0.022726,0.026884,0.018734,0.014149,0.016142,0.015301,0.017857,0.017506,0.016929,0.015499,0.014889,0.014672,0.013996,0.0127,0.010698,0.007461,0.007533,0.010775,0.009512,0.006768,0.017856,0.012871,0.009688,0.007983,0.004146,0.007606,0.006847,0.008424,0.005788,0.00427,0.006433,0.006608,0.006656,0.006145,0.003457,0.003068,0.000927,0,0,0,0,0,0,0,0,0
5071,0.000315,0.000531,0.000705,0.001042,0.00193,0.003794,0.00491,0.006563,0.004497,0.007056,0.008159,0.00671,0.020236,0.004825,0.004745,0.01068,0.005535,0.005034,0.00639,0.007953,0.010243,0.016419,0.015535,0.019546,0.022397,0.015731,0.01288,0.017807,0.014015,0.013418,0.011384,0.021905,0.019663,0.019223,0.022029,0.018051,0.023053,0.022836,0.021239,0.022032,0.025398,0.025019,0.019035,0.015931,0.027053,0.020236,0.028285,0.020823,0.023685,0.01987,0.021422,0.014416,0.010076,0.023019,0.024824,0.02438,0.018024,0.014697,0.015855,0.014574,0.017708,0.018199,0.015637,0.015767,0.016666,0.013626,0.013361,0.012808,0.010067,0.007025,0.008247,0.010566,0.009341,0.015184,0.010089,0.012562,0.009037,0.00758,0.005482,0.006197,0.007356,0.00743,0.005867,0.005544,0.005449,0.007114,0.005672,0.006212,0.003119,0.00316,0.000603,0,0,0,0,0,0,0,0,0
8997,0.000331,0.000455,0.000689,0.00118,0.001868,0.003777,0.004812,0.006856,0.004265,0.006984,0.008482,0.012622,0.013555,0.005222,0.005052,0.010457,0.00566,0.005,0.006494,0.007799,0.010505,0.016581,0.015115,0.022654,0.019758,0.0153,0.01341,0.018102,0.013385,0.013489,0.012508,0.021499,0.019152,0.021125,0.020237,0.020223,0.022807,0.020458,0.022786,0.02196,0.024888,0.025058,0.019325,0.017705,0.024502,0.020034,0.028924,0.02157,0.022051,0.019944,0.021639,0.014021,0.01358,0.019833,0.024232,0.024838,0.017752,0.014885,0.015458,0.014719,0.017574,0.01855,0.015619,0.015689,0.016382,0.013849,0.013133,0.013517,0.009368,0.007022,0.00823,0.010561,0.009341,0.015184,0.01021,0.012963,0.008496,0.0076,0.005498,0.006159,0.007356,0.00764,0.005648,0.005578,0.005413,0.007114,0.005767,0.00611,0.003119,0.00316,0.000603,0,0,0,0,0,0,0,0,0
1283,0.002627,0.004872,0.004871,0.005301,0.004948,0.007622,0.0064,0.005491,0.006698,0.009449,0.014638,0.007923,0.010972,0.013257,0.01561,0.018867,0.009998,0.01765,0.014583,0.020045,0.024028,0.019849,0.017994,0.020122,0.020096,0.019584,0.015288,0.01928,0.019788,0.022725,0.023529,0.029945,0.023913,0.02711,0.020691,0.019104,0.024073,0.018135,0.026611,0.015968,0.016186,0.016906,0.016996,0.018132,0.015667,0.016259,0.012584,0.012587,0.012479,0.0146,0.014976,0.015037,0.021515,0.017584,0.016068,0.013437,0.01258,0.011351,0.01077,0.013273,0.011964,0.012272,0.011845,0.010446,0.011642,0.006666,0.004936,0.009928,0.013182,0.008382,0.008289,0.005139,0.004558,0.00719,0.0063,0.005301,0.004376,0.004121,0.00594,0.006843,0.005856,0.006088,0.005776,0.005781,0.004398,0.000273,0.000071,0,0,0,0,0,0,0,0,0,0,0,0,0
5364,0.000459,0.00156,0.000633,0.001451,0.005215,0.004454,0.008248,0.002068,0.003993,0.0024,0.002398,0.001296,0.002791,0.002703,0.002564,0.002267,0.002266,0.006239,0.005176,0.007912,0.011758,0.007685,0.00591,0.007505,0.014205,0.005959,0.011149,0.006799,0.01197,0.012837,0.014999,0.012626,0.009624,0.016693,0.015012,0.011367,0.014509,0.012262,0.015556,0.018424,0.019224,0.018942,0.019844,0.019239,0.032444,0.02514,0.025136,0.029473,0.019835,0.027459,0.029148,0.032283,0.031353,0.032087,0.029696,0.029712,0.029797,0.025813,0.024617,0.020497,0.020621,0.021853,0.022059,0.019894,0.021339,0.019134,0.020786,0.022208,0.017672,0.018061,0.012633,0.011284,0.011445,0.011305,0.008883,0.012431,0.011362,0.015914,0.015664,0.008611,0.008083,0.012612,0.007192,0.0059,0.007359,0.00614,0.006062,0.005825,0.006501,0.005275,0.00435,0.004291,0.00249,0,0,0,0,0,0,0
1149,0.00241,0.007166,0.006396,0.007192,0.009082,0.012752,0.013223,0.016035,0.015354,0.016324,0.017439,0.025389,0.024083,0.026136,0.020401,0.031575,0.030897,0.020755,0.025968,0.030893,0.030619,0.029067,0.024058,0.021193,0.022673,0.019233,0.017117,0.01556,0.014986,0.019761,0.016778,0.028178,0.024625,0.025168,0.023481,0.014746,0.014849,0.009717,0.009297,0.007973,0.019679,0.010041,0.010514,0.00572,0.00853,0.012001,0.007356,0.012471,0.010693,0.016286,0.017646,0.015619,0.018601,0.022565,0.016101,0.023306,0.004689,0.013089,0.005918,0.005805,0.002783,0.00236,0.007367,0.011387,0.009276,0.007222,0.00196,0.001288,0.001413,0.000425,0.001757,0.002026,0.000146,0.002018,0.000441,0.000076,0.000079,0,0,0,0,0,0,0,0,0,0,0,0,0,0,0,0,0,0,0,0,0,0,0
2068,0.000945,0.001631,0.006493,0.005037,0.002792,0.005279,0.008993,0.007957,0.008766,0.014416,0.013512,0.011597,0.01192,0.017972,0.016864,0.027973,0.027075,0.023767,0.019787,0.023194,0.028198,0.03076,0.033693,0.026514,0.029891,0.028299,0.0336,0.034541,0.030092,0.032925,0.018998,0.024725,0.030007,0.024893,0.021395,0.024524,0.028269,0.031148,0.021883,0.025125,0.018931,0.018471,0.017257,0.01256,0.014752,0.012501,0.014993,0.010921,0.010197,0.009758,0.005166,0.004161,0.004384,0.006935,0.00814,0.00811,0.005846,0.016718,0.00587,0.005069,0.0049,0.004045,0.001869,0.003127,0.000895,0.001095,0.000843,0.000241,0.000019,0.00013,0.00025,0.000198,0.000067,0,0,0.000089,0.000446,0,0.000081,0.000058,0,0,0,0,0,0,0,0,0,0,0,0,0,0,0,0,0,0,0,0
1859,0.000126,0.00031,0.00173,0.004377,0.007017,0.007176,0.007656,0.006212,0.007538,0.008527,0.012612,0.01243,0.012968,0.019032,0.018866,0.018001,0.021696,0.021443,0.024701,0.040478,0.030469,0.029156,0.032032,0.024088,0.025157,0.028258,0.03297,0.031062,0.035426,0.034939,0.031593,0.023922,0.031212,0.031379,0.030706,0.02716,0.031477,0.025844,0.022885,0.017551,0.02095,0.016116,0.023016,0.018645,0.010616,0.007249,0.005636,0.005623,0.006656,0.00838,0.007057,0.008378,0.008093,0.008501,0.009497,0.005702,0.003484,0.005168,0.005154,0.004509,0.004833,0.008419,0.004854,0.001366,0.001108,0.000669,0.000991,0.000638,0.00014,0.000253,0.000004,0.000016,0.000082,0.000099,0.000421,0.000106,0,0,0,0.000161,0.000451,0.000013,0.000147,0,0,0,0,0,0,0,0,0,0,0,0,0,0,0,0,0
6655,0.001707,0.004034,0.007893,0.011634,0.013078,0.016392,0.02612,0.023569,0.029696,0.030687,0.029677,0.032439,0.037195,0.026256,0.026601,0.027529,0.023091,0.021803,0.027845,0.023046,0.017955,0.017433,0.021473,0.015518,0.015748,0.016361,0.012207,0.022486,0.018042,0.021016,0.02733,0.018756,0.01681,0.01327,0.013635,0.013179,0.022195,0.012761,0.015342,0.014453,0.013084,0.008028,0.008134,0.0098,0.010066,0.011698,0.016366,0.012445,0.015705,0.017204,0.020352,0.011756,0.00691,0.020896,0.007648,0.007933,0.004,0.002272,0.002547,0.002624,0.003607,0.004683,0.005059,0.006617,0.018161,0.005044,0.004707,0.001359,0.000521,0.00153,0.000427,0.000321,0.000166,0.000018,0,0,0.000234,0.000208,0.00012,0.00013,0,0,0,0,0,0,0,0,0,0,0,0,0,0,0,0,0,0,0,0
6028,0.001995,0.005071,0.007561,0.005781,0.005187,0.008356,0.010691,0.011869,0.018896,0.018098,0.022341,0.021493,0.016081,0.022949,0.029553,0.029716,0.021462,0.026512,0.027365,0.025712,0.027245,0.031585,0.026484,0.0251,0.02979,0.031178,0.032233,0.029926,0.028025,0.029776,0.028094,0.025177,0.022634,0.023139,0.016897,0.015293,0.017958,0.022568,0.019485,0.01965,0.016971,0.022222,0.022066,0.011679,0.010658,0.008367,0.008246,0.007805,0.012375,0.003652,0.003229,0.00351,0.002914,0.003992,0.00364,0.002984,0.003596,0.005118,0.00528,0.007373,0.005843,0.002295,0.002212,0.002885,0.005554,0.009706,0.004083,0.001142,0.000885,0.000353,0.000048,0.000016,0.000082,0.000035,0.000039,0.000375,0.000197,0,0,0,0.000142,0.000496,0,0.000126,0.000044,0,0,0,0,0,0,0,0,0,0,0,0,0,0,0
6698,0.002373,0.005157,0.011833,0.012554,0.022415,0.018024,0.021978,0.026321,0.025166,0.031637,0.030318,0.034054,0.03381,0.034903,0.035509,0.028542,0.026004,0.026838,0.02986,0.022467,0.030439,0.025126,0.026558,0.01989,0.015016,0.021237,0.0192,0.032878,0.01443,0.020564,0.015956,0.021067,0.013565,0.019324,0.012884,0.015072,0.012951,0.018145,0.016515,0.01534,0.018873,0.020147,0.014328,0.009372,0.013894,0.014782,0.004474,0.004282,0.002676,0.003756,0.004393,0.002645,0.00331,0.002942,0.005156,0.005003,0.007079,0.006471,0.010785,0.005739,0.00197,0.000269,0.000266,0.000086,0.000043,0.000058,0.000221,0.000183,0,0,0,0.000108,0.00028,0.000093,0.000072,0.000051,0,0,0,0,0,0,0,0,0,0,0,0,0,0,0,0,0,0,0,0,0,0,0,0
66,0.001727,0.006376,0.008906,0.008605,0.013464,0.013012,0.015472,0.019126,0.022046,0.018522,0.027103,0.027182,0.020285,0.022276,0.023987,0.018441,0.02152,0.01826,0.023789,0.024089,0.025856,0.016943,0.01856,0.017227,0.018279,0.019926,0.018514,0.017996,0.014129,0.01511,0.012566,0.013056,0.017853,0.021619,0.010633,0.014072,0.013693,0.012582,0.012113,0.015113,0.01571,0.015377,0.02073,0.018775,0.016706,0.018014,0.013752,0.01321,0.012073,0.008774,0.010011,0.01631,0.008952,0.016063,0.01474,0.015923,0.016981,0.012428,0.011592,0.016192,0.007166,0.013623,0.005687,0.005419,0.006094,0.003407,0.003228,0.002771,0.002661,0.006068,0.006675,0.011817,0.017573,0.004911,0.005644,0.001919,0.000517,0.000261,0.00008,0.000184,0.000332,0.000065,0,0,0.000267,0.000353,0.000157,0.000158,0.000056,0,0,0,0,0,0,0,0,0,0,0
3510,0.001446,0.004159,0.006905,0.015204,0.011156,0.015354,0.016021,0.016942,0.020844,0.020872,0.021267,0.02252,0.022448,0.021135,0.022474,0.024652,0.021125,0.028126,0.032514,0.020806,0.019962,0.021385,0.022044,0.020576,0.019631,0.021773,0.017718,0.016065,0.014308,0.016815,0.008344,0.012244,0.017169,0.023628,0.018421,0.025243,0.024272,0.020552,0.010078,0.011087,0.008409,0.009933,0.022195,0.005858,0.015229,0.009321,0.008275,0.011215,0.010715,0.007254,0.010555,0.014703,0.020067,0.016088,0.01872,0.019027,0.017513,0.016667,0.012854,0.014764,0.006825,0.004845,0.002618,0.002275,0.003529,0.007312,0.007234,0.014984,0.007775,0.003531,0.002056,0.000552,0.00162,0.002604,0,0.001704,0.000588,0.000403,0.000132,0.000055,0.00009,0,0,0,0,0,0,0,0,0,0,0,0,0,0,0,0,0,0,0
8297,0.000045,0.000042,0.000024,0.000025,0.000016,0.000141,0.000045,0.000029,0.00031,0.000331,0.001037,0.000268,0.000167,0.00061,0.000554,0.000917,0.001367,0.002026,0.002009,0.002046,0.00053,0.00259,0.007906,0.002217,0.00336,0.001712,0.000435,0.001085,0.002357,0.003338,0.004287,0.005466,0.005156,0.006097,0.007416,0.008407,0.010488,0.011206,0.014551,0.014682,0.008593,0.00716,0.005549,0.015226,0.014285,0.0117,0.012538,0.011563,0.014867,0.01398,0.015055,0.014815,0.018479,0.022758,0.017272,0.027403,0.030541,0.029808,0.026627,0.029632,0.029871,0.039364,0.029716,0.045646,0.038736,0.044077,0.041511,0.040388,0.048182,0.041188,0.04768,0.038171,0.0479,0.042682,0.03673,0.036965,0.035556,0.025996,0.022549,0.021469,0.021309,0.014971,0.019039,0.016286,0.019796,0.014751,0.020627,0.016657,0.012835,0.011406,0.010479,0.007753,0.00632,0.005843,0.008835,0.00808,0.011353,0.009405,0.002051,0
7352,0.001558,0.005685,0.004577,0.003844,0.006392,0.006844,0.011486,0.011847,0.01314,0.013494,0.019339,0.01966,0.019107,0.022107,0.030163,0.031965,0.025995,0.034466,0.028987,0.030344,0.029605,0.029186,0.030531,0.029325,0.028105,0.032239,0.033035,0.031522,0.030216,0.028848,0.024244,0.018367,0.015152,0.011795,0.010667,0.014881,0.016294,0.01724,0.01372,0.006646,0.005693,0.007927,0.010766,0.012256,0.013899,0.013836,0.017491,0.01776,0.018901,0.018092,0.025034,0.012783,0.007555,0.007752,0.010747,0.007533,0.004532,0.009594,0.005308,0.009367,0.003752,0.001702,0.001256,0.000324,0.000239,0.001333,0.001199,0.002211,0.001731,0.000399,0.000172,0.000011,0,0,0,0,0,0,0,0,0,0,0,0,0,0,0,0,0,0,0,0,0,0,0,0,0,0,0,0
5838,0.001478,0.003132,0.003561,0.004785,0.004909,0.004139,0.008264,0.010356,0.01444,0.017174,0.015567,0.01821,0.021574,0.023309,0.020841,0.020843,0.027238,0.02889,0.030185,0.031659,0.024985,0.028239,0.027165,0.027385,0.028161,0.029176,0.024462,0.017647,0.020175,0.017246,0.016652,0.018498,0.01548,0.013896,0.013249,0.018335,0.017281,0.018769,0.016123,0.02316,0.019771,0.017688,0.016584,0.011958,0.015517,0.01442,0.014243,0.01756,0.020852,0.014717,0.011301,0.011166,0.008545,0.017897,0.006682,0.009982,0.007223,0.003959,0.012279,0.005438,0.005149,0.002974,0.003087,0.002288,0.004288,0.006365,0.005032,0.00704,0.005399,0.00756,0.004972,0.005541,0.004473,0.012923,0.004699,0.000457,0.000145,0.000019,0.000123,0.000062,0.000086,0.000199,0.000429,0,0,0,0.000133,0.000575,0.000179,0.000094,0.000163,0,0,0,0,0,0,0,0,0
5644,0.001577,0.003262,0.007532,0.01239,0.016006,0.014648,0.015924,0.021217,0.024636,0.036352,0.027716,0.023416,0.032173,0.026212,0.024357,0.023649,0.025918,0.028103,0.02989,0.029171,0.027137,0.03177,0.032042,0.034866,0.029848,0.027807,0.024947,0.029165,0.026024,0.026436,0.029104,0.02983,0.023302,0.021021,0.022104,0.021278,0.01345,0.014512,0.008886,0.0131,0.00631,0.005903,0.007411,0.006026,0.007696,0.005815,0.006679,0.007065,0.008625,0.009728,0.007393,0.00867,0.002172,0.003811,0.004623,0.009687,0.002843,0.00184,0.000707,0.001077,0.00021,0.000131,0.000018,0.000007,0.000063,0.00003,0.000278,0.000218,0,0,0,0.000086,0.000303,0.000093,0.000072,0.000051,0,0,0,0,0,0,0,0,0,0,0,0,0,0,0,0,0,0,0,0,0,0,0,0
6734,0.001617,0.005703,0.008173,0.011184,0.010576,0.018174,0.01994,0.026465,0.027828,0.027864,0.032908,0.029169,0.021429,0.024925,0.028646,0.024492,0.024768,0.027096,0.026125,0.018601,0.022101,0.01909,0.01812,0.018088,0.017354,0.019348,0.011814,0.016287,0.01284,0.020413,0.019319,0.021638,0.027503,0.01654,0.015115,0.012192,0.010844,0.009295,0.024316,0.011741,0.015648,0.010724,0.013656,0.008197,0.008296,0.010078,0.009983,0.012352,0.017036,0.012537,0.015831,0.018161,0.017442,0.016236,0.007227,0.021717,0.010017,0.006553,0.0038,0.00183,0.00221,0.004001,0.003358,0.004744,0.007745,0.017044,0.005719,0.005994,0.001556,0.001916,0.000719,0.00156,0.000553,0.00039,0,0,0.000028,0.0004,0.000132,0.000055,0.00009,0,0,0,0,0,0,0,0,0,0,0,0,0,0,0,0,0,0,0
4088,0.000949,0.001408,0.004338,0.00728,0.012301,0.013746,0.016791,0.019482,0.026318,0.036,0.023929,0.029894,0.024391,0.027911,0.027659,0.028794,0.028767,0.03483,0.036976,0.028452,0.025131,0.024901,0.026099,0.024796,0.034867,0.038341,0.032032,0.023388,0.033426,0.035812,0.036909,0.024629,0.020463,0.022056,0.023208,0.015882,0.013262,0.007677,0.009663,0.010856,0.014222,0.015365,0.015539,0.010175,0.007232,0.004866,0.005044,0.005656,0.003614,0.004159,0.003315,0.004905,0.00204,0.003241,0.003283,0.003426,0.001981,0.001285,0.000273,0.000083,0,0,0,0,0,0,0,0,0,0,0,0,0,0,0,0,0,0,0,0,0,0,0,0,0,0,0,0,0,0,0,0,0,0,0,0,0,0,0,0
9202,0.00129,0.005645,0.008696,0.008464,0.016012,0.020209,0.024196,0.023429,0.020196,0.022589,0.027742,0.026481,0.025772,0.025171,0.024779,0.022859,0.022174,0.022288,0.020219,0.025383,0.022352,0.01793,0.018335,0.018607,0.01752,0.015562,0.021198,0.015458,0.013789,0.014632,0.009594,0.019804,0.017277,0.018802,0.024726,0.017107,0.01458,0.013284,0.009901,0.010259,0.024771,0.012921,0.015451,0.010207,0.016309,0.007233,0.008133,0.010204,0.009908,0.012001,0.017583,0.012368,0.01512,0.018833,0.020051,0.014086,0.007638,0.023618,0.009261,0.006531,0.004424,0.001907,0.002319,0.002998,0.004015,0.005076,0.007258,0.010298,0.014099,0.006199,0.002445,0.001756,0.001066,0.00164,0.000552,0.000444,0,0,0.00003,0.000428,0.000142,0.000059,0.000098,0,0,0,0,0,0,0,0,0,0,0,0,0,0,0,0,0
7113,0.001109,0.003916,0.004954,0.005682,0.006665,0.007139,0.011691,0.008413,0.00776,0.008092,0.008046,0.006202,0.005843,0.017194,0.010023,0.018133,0.017806,0.015071,0.011612,0.012692,0.011177,0.015211,0.023542,0.017532,0.019177,0.015589,0.013998,0.018311,0.023487,0.017408,0.021998,0.024443,0.020547,0.026384,0.023758,0.024255,0.029179,0.017296,0.020709,0.029937,0.023315,0.016314,0.017315,0.017189,0.020721,0.015673,0.01778,0.011405,0.010867,0.014472,0.013332,0.015198,0.015464,0.017272,0.021134,0.014037,0.015861,0.014372,0.012196,0.010588,0.012576,0.012274,0.013658,0.01095,0.012613,0.013178,0.008312,0.004024,0.008663,0.014409,0.008721,0.0075,0.006558,0.004853,0.005774,0.005612,0.006389,0.007375,0.003041,0.006343,0.006483,0.007137,0.007498,0.004531,0.005596,0.00554,0.002742,0.000174,0,0,0,0,0,0,0,0,0,0,0,0
5350,0.000727,0.001055,0.00095,0.000853,0.005053,0.008749,0.003598,0.003999,0.003185,0.002826,0.002523,0.002618,0.002609,0.002393,0.001205,0.003173,0.00533,0.00492,0.007706,0.008475,0.007579,0.005587,0.007326,0.013534,0.008492,0.006729,0.008714,0.008855,0.012771,0.013812,0.017132,0.010491,0.011366,0.018809,0.013347,0.010215,0.013948,0.015143,0.014353,0.0204,0.015706,0.021742,0.018289,0.030496,0.022222,0.027022,0.026995,0.026042,0.019047,0.028009,0.029654,0.031384,0.030927,0.030829,0.030168,0.030632,0.027394,0.021673,0.024864,0.020218,0.021011,0.021584,0.022327,0.0179,0.020651,0.020818,0.019601,0.021397,0.019161,0.01683,0.01392,0.010456,0.011902,0.009629,0.010284,0.013054,0.010959,0.016076,0.013291,0.011169,0.009,0.010002,0.008971,0.006079,0.005734,0.008276,0.005651,0.006852,0.005936,0.005925,0.004267,0.004474,0.003078,0,0,0,0,0,0,0
8860,0.001316,0.006223,0.007154,0.008003,0.008999,0.009593,0.014481,0.019489,0.015167,0.018497,0.020554,0.025833,0.025365,0.036243,0.02961,0.024979,0.02555,0.030503,0.028688,0.033704,0.036784,0.035564,0.031755,0.044882,0.033034,0.027072,0.037299,0.024312,0.027725,0.020001,0.021319,0.02167,0.022289,0.021955,0.018553,0.018687,0.015364,0.017009,0.014816,0.012212,0.013625,0.013512,0.009289,0.005839,0.00682,0.004901,0.00653,0.010362,0.006375,0.006451,0.005825,0.005311,0.00377,0.005417,0.003426,0.002527,0.003648,0.004532,0.003673,0.002479,0.003794,0.003473,0.003926,0.001275,0.000561,0.000059,0,0,0,0,0,0,0,0,0,0,0,0,0,0,0,0,0,0,0,0,0,0,0,0,0,0,0,0,0,0,0,0,0,0
7100,0.001078,0.001519,0.00285,0.003088,0.005439,0.008351,0.012093,0.013271,0.015971,0.013223,0.01311,0.014556,0.01784,0.022905,0.017128,0.02144,0.020942,0.019707,0.024646,0.026828,0.019142,0.022255,0.024386,0.025111,0.01909,0.020056,0.020228,0.022066,0.019652,0.01596,0.016833,0.018432,0.014878,0.011955,0.01504,0.017021,0.012012,0.02106,0.028866,0.020144,0.024878,0.022232,0.015797,0.013724,0.005461,0.00937,0.0069,0.023203,0.007366,0.011355,0.007331,0.010824,0.00991,0.008462,0.012517,0.013425,0.01812,0.018836,0.018499,0.020667,0.021512,0.016774,0.025713,0.0039,0.015568,0.007488,0.005373,0.004687,0.003597,0.011573,0.008371,0.010557,0.00414,0.001101,0.001519,0.00143,0.000277,0.002492,0.002534,0.00029,0.002201,0.000413,0.000036,0,0,0,0,0,0,0,0,0,0,0,0,0,0,0,0,0
7564,0.000369,0.001145,0.001477,0.003934,0.005613,0.00689,0.005157,0.008456,0.008796,0.011806,0.02175,0.021294,0.018431,0.018143,0.018619,0.024704,0.021694,0.030277,0.023846,0.022722,0.029515,0.029013,0.031378,0.03106,0.023771,0.021785,0.024091,0.023782,0.022707,0.029253,0.033052,0.02272,0.017243,0.015132,0.01669,0.014118,0.013358,0.019637,0.013108,0.018016,0.016576,0.013192,0.01214,0.012683,0.015393,0.021411,0.017471,0.0155,0.014642,0.010875,0.0111,0.009427,0.011879,0.011806,0.013252,0.010328,0.0092,0.0088,0.006693,0.005556,0.006181,0.013138,0.007375,0.006347,0.006426,0.006225,0.004615,0.005608,0.004637,0.00288,0.00446,0.005232,0.004475,0.00369,0.005279,0.004741,0.005052,0.002266,0.000533,0.000085,0,0,0,0,0,0,0,0,0,0,0,0,0,0,0,0,0,0,0,0
1233,0.000993,0.002926,0.005128,0.009766,0.008964,0.01417,0.01244,0.017157,0.017814,0.021318,0.024507,0.019168,0.02301,0.02296,0.026714,0.02674,0.033904,0.040956,0.043327,0.043576,0.042026,0.045317,0.039042,0.032419,0.027054,0.026473,0.024198,0.021892,0.01625,0.014678,0.015203,0.017221,0.026016,0.021215,0.021047,0.018134,0.014243,0.012245,0.01465,0.018486,0.01497,0.012108,0.01075,0.008325,0.009196,0.004989,0.005157,0.006397,0.010483,0.006365,0.006152,0.005415,0.003619,0.004461,0.004838,0.003686,0.00297,0.003159,0.004472,0.003584,0.003568,0.003417,0.003493,0.003624,0.001855,0.000221,0.000016,0,0,0,0,0,0,0,0,0,0,0,0,0,0,0,0,0,0,0,0,0,0,0,0,0,0,0,0,0,0,0,0,0
4485,0.000888,0.002477,0.00414,0.007632,0.009785,0.013216,0.014024,0.018209,0.015033,0.021613,0.024581,0.02354,0.024337,0.016716,0.018944,0.027702,0.02282,0.01705,0.023902,0.02696,0.031813,0.026824,0.031184,0.025864,0.033051,0.035379,0.028185,0.028208,0.030419,0.034544,0.043662,0.035726,0.031854,0.028611,0.028153,0.02867,0.019738,0.02649,0.021979,0.017603,0.010222,0.009348,0.00863,0.005618,0.012667,0.007946,0.006904,0.005846,0.003835,0.004165,0.006362,0.004464,0.003616,0.002493,0.002658,0.003239,0.003365,0.002496,0.001072,0.001173,0.000209,0,0,0,0,0,0,0,0,0,0,0,0,0,0,0,0,0,0,0,0,0,0,0,0,0,0,0,0,0,0,0,0,0,0,0,0,0,0,0
4026,0.000588,0.001433,0.004377,0.007563,0.011927,0.015846,0.01672,0.019829,0.026881,0.033308,0.027162,0.024454,0.027195,0.027619,0.031487,0.031577,0.031786,0.037074,0.031447,0.026105,0.02379,0.025107,0.022824,0.033562,0.036437,0.034179,0.030232,0.033328,0.033962,0.039869,0.025913,0.020577,0.019796,0.023077,0.01771,0.013832,0.013158,0.010094,0.008603,0.013268,0.013348,0.01501,0.014651,0.007187,0.008765,0.006645,0.005112,0.006255,0.00323,0.002405,0.003973,0.004256,0.003797,0.001763,0.003863,0.002901,0.003933,0.001587,0.000844,0.000128,0.000037,0,0,0,0,0,0,0,0,0,0,0,0,0,0,0,0,0,0,0,0,0,0,0,0,0,0,0,0,0,0,0,0,0,0,0,0,0,0,0
3392,0.001679,0.004883,0.00774,0.017572,0.020045,0.018631,0.019232,0.02228,0.029329,0.027884,0.026925,0.034482,0.030142,0.034732,0.036385,0.029472,0.027852,0.028071,0.031332,0.036979,0.039899,0.028105,0.026168,0.022933,0.0198,0.025012,0.024554,0.026741,0.021462,0.022062,0.023471,0.017256,0.018482,0.027231,0.022972,0.020407,0.009425,0.016128,0.017345,0.008724,0.00745,0.006363,0.005927,0.0045,0.009018,0.006413,0.008349,0.007293,0.006592,0.009663,0.005579,0.005414,0.008756,0.004398,0.001482,0.000387,0.000038,0.000013,0.000064,0.000027,0.00003,0.000275,0.000151,0,0,0,0.000098,0.000251,0.000083,0.000063,0.000045,0,0,0,0,0,0,0,0,0,0,0,0,0,0,0,0,0,0,0,0,0,0,0,0,0,0,0,0,0
3035,0.001064,0.004201,0.005331,0.008115,0.011819,0.016534,0.024314,0.026419,0.023807,0.033609,0.025252,0.019464,0.02291,0.028955,0.028547,0.039749,0.030563,0.029121,0.032195,0.031462,0.031526,0.02875,0.028675,0.027111,0.027769,0.033968,0.034199,0.030604,0.028267,0.030599,0.023893,0.021769,0.023311,0.020222,0.018505,0.01765,0.007331,0.008955,0.013961,0.009762,0.007611,0.006834,0.004524,0.007248,0.007972,0.009121,0.009452,0.010234,0.006088,0.005945,0.006484,0.008109,0.012911,0.004007,0.003122,0.002162,0.001083,0.000261,0.000039,0.000013,0.000033,0.000033,0.000138,0.000316,0.000041,0,0,0,0.000206,0.000239,0.000009,0.000103,0,0,0,0,0,0,0,0,0,0,0,0,0,0,0,0,0,0,0,0,0,0,0,0,0,0,0,0
6230,0.001511,0.00495,0.005057,0.009248,0.010667,0.010794,0.008977,0.007338,0.007069,0.00673,0.00719,0.010226,0.01246,0.010725,0.017513,0.015206,0.013668,0.013844,0.020268,0.019759,0.015816,0.015623,0.011573,0.017207,0.019394,0.021605,0.012743,0.024109,0.023379,0.025015,0.023444,0.026783,0.030279,0.027689,0.023377,0.02867,0.033223,0.034557,0.026218,0.023015,0.028445,0.026841,0.014687,0.01046,0.016564,0.015463,0.016007,0.022085,0.017054,0.01432,0.014554,0.021176,0.024288,0.010769,0.013275,0.013788,0.010476,0.008349,0.012753,0.008038,0.008057,0.00665,0.004923,0.003542,0.003422,0.003499,0.005059,0.005336,0.005443,0.004628,0.006032,0.005045,0.004931,0.00571,0.00378,0.001972,0.001222,0.001484,0.001088,0,0,0,0,0,0,0,0,0,0,0,0,0,0,0,0,0,0,0,0,0
4790,0.000654,0.002699,0.003631,0.005269,0.006222,0.003097,0.004563,0.008104,0.015574,0.018305,0.019993,0.015525,0.014868,0.014825,0.014482,0.01491,0.010418,0.018176,0.013313,0.021927,0.01691,0.027234,0.019477,0.02915,0.030162,0.025529,0.021408,0.025994,0.023882,0.026324,0.02523,0.033578,0.027514,0.033064,0.029788,0.032706,0.024431,0.023739,0.018118,0.023039,0.025577,0.021691,0.015931,0.014075,0.013362,0.015571,0.015173,0.01581,0.014105,0.014101,0.011733,0.011865,0.010197,0.008046,0.005969,0.006554,0.008095,0.007169,0.005019,0.013993,0.009202,0.006882,0.005587,0.003624,0.004252,0.004323,0.005842,0.003595,0.003197,0.003521,0.003967,0.003629,0.003456,0.001616,0.001577,0.000283,0,0,0,0,0,0,0,0,0,0,0,0,0,0,0,0,0,0,0,0,0,0,0,0
6871,0.003546,0.010572,0.006237,0.012948,0.015241,0.021692,0.024196,0.030164,0.026477,0.029947,0.026084,0.025471,0.027857,0.032567,0.035814,0.037154,0.036185,0.036915,0.034041,0.02335,0.023018,0.026706,0.026423,0.023132,0.031585,0.018298,0.022525,0.017836,0.019156,0.024824,0.016976,0.017017,0.012202,0.015357,0.018952,0.015998,0.017743,0.022267,0.01862,0.017844,0.010459,0.015422,0.019277,0.007554,0.005804,0.004477,0.005552,0.003768,0.002736,0.003567,0.003108,0.005308,0.007244,0.005461,0.010906,0.005526,0.002939,0.001467,0.000339,0.00014,0.000076,0.000041,0.000055,0.000233,0.00015,0,0,0,0.000192,0.000254,0.000009,0.000103,0,0,0,0,0,0,0,0,0,0,0,0,0,0,0,0,0,0,0,0,0,0,0,0,0,0,0,0
4049,0.000905,0.002411,0.005085,0.007119,0.013835,0.010931,0.011498,0.014965,0.018904,0.021654,0.0233,0.027114,0.024367,0.027423,0.027669,0.026062,0.032159,0.03047,0.031151,0.036713,0.038518,0.04396,0.04343,0.037274,0.031011,0.026516,0.019881,0.01776,0.016421,0.018878,0.022943,0.026039,0.011168,0.011267,0.009145,0.014033,0.014542,0.015347,0.019779,0.01283,0.02087,0.021791,0.02277,0.026243,0.015347,0.007735,0.008402,0.010835,0.005128,0.003579,0.005182,0.011983,0.00808,0.00606,0.002727,0.001095,0.000281,0.000222,0.001282,0.001212,0.001666,0.001594,0.00032,0.000397,0.000103,0.000038,0.000062,0,0,0,0,0,0,0,0,0,0,0,0,0,0,0,0,0,0,0,0,0,0,0,0,0,0,0,0,0,0,0,0,0
9080,0.000502,0.002417,0.002831,0.00229,0.00627,0.005259,0.00633,0.010171,0.008547,0.00849,0.008219,0.007169,0.009095,0.009466,0.010167,0.011963,0.011409,0.009302,0.011813,0.012282,0.008634,0.010015,0.010095,0.010855,0.014295,0.016861,0.013737,0.01044,0.013359,0.013707,0.016264,0.018489,0.015855,0.013552,0.014515,0.012554,0.014876,0.023129,0.021372,0.01563,0.014873,0.013877,0.011631,0.018014,0.018251,0.014533,0.016828,0.014616,0.013622,0.011989,0.015815,0.022537,0.014465,0.018562,0.020306,0.018419,0.016586,0.018632,0.014461,0.017878,0.025145,0.020808,0.015876,0.017667,0.013671,0.015107,0.010739,0.009947,0.012881,0.021076,0.01173,0.020528,0.020442,0.022596,0.028163,0.015849,0.016232,0.023977,0.025931,0.010882,0.00883,0.004219,0.004243,0.006142,0.007665,0.005605,0.009663,0.018946,0.032039,0.017449,0.015307,0.002605,0.002977,0.006186,0.001076,0.001695,0.00006,0.001004,0.002466,0.002328
6963,0.001073,0.003571,0.007606,0.008185,0.014149,0.015755,0.01354,0.020151,0.0145,0.018937,0.028162,0.030691,0.035307,0.041012,0.024949,0.035423,0.032236,0.030326,0.030014,0.040512,0.039921,0.036349,0.031912,0.028276,0.029634,0.03323,0.030424,0.024123,0.034016,0.025622,0.019183,0.013158,0.014,0.01189,0.015067,0.013158,0.013172,0.011399,0.01303,0.014635,0.013696,0.008804,0.008354,0.014095,0.010882,0.014,0.006995,0.004717,0.004228,0.005126,0.004076,0.004275,0.002293,0.003604,0.004112,0.003404,0.004463,0.00321,0.002631,0.002792,0.000485,0.000033,0.000185,0.000214,0.000008,0.000091,0,0,0,0,0,0,0,0,0,0,0,0,0,0,0,0,0,0,0,0,0,0,0,0,0,0,0,0,0,0,0,0,0,0
1393,0.001297,0.005119,0.006063,0.010145,0.013612,0.010178,0.012377,0.012127,0.01516,0.017233,0.012976,0.01577,0.016016,0.012454,0.015415,0.015853,0.024008,0.021348,0.019043,0.019644,0.025667,0.02423,0.029117,0.032618,0.030262,0.030942,0.021165,0.038165,0.03326,0.034719,0.034704,0.032551,0.036276,0.041661,0.038246,0.035924,0.030691,0.02327,0.021705,0.019488,0.015712,0.011589,0.009537,0.007581,0.00647,0.007309,0.00745,0.006178,0.013747,0.009685,0.00709,0.005124,0.00306,0.004513,0.003653,0.004807,0.003189,0.002844,0.002791,0.003194,0.003022,0.002745,0.001335,0.001229,0.000318,0,0,0,0,0,0,0,0,0,0,0,0,0,0,0,0,0,0,0,0,0,0,0,0,0,0,0,0,0,0,0,0,0,0,0
